lat,lon,hour,minute,day_of_week,day_of_month,month,congestion_level
22.075842,88.086392,13,16,2,5,7,49.5
22.0355,88.077267,7,3,5,25,3,60.51
22.089214,88.10006,2,18,3,8,4,40.19
22.094917,88.084334,10,58,0,1,2,38.98
22.008169,88.106332,6,19,4,2,1,37.23
22.027635,88.097383,13,42,0,22,2,40.56
22.070535,88.115451,19,50,6,11,5,53.46
22.057213,88.080564,13,17,2,1,2,30.56
22.066196,88.096958,13,38,2,23,3,39.81
22.041109,88.060586,1,12,0,9,4,35.21
22.093082,88.051756,15,21,1,28,4,22.81
22.090034,88.121003,10,17,6,25,1,45.47
22.068681,88.076286,2,40,3,2,2,38.8
22.100517,88.093946,5,52,6,20,12,40.31
22.080725,88.073512,18,15,6,17,9,46.46
22.040921,88.052205,22,17,0,5,2,27.72
22.077763,88.070129,12,49,2,10,4,38.42
22.037934,88.11288,23,27,5,14,5,26.0
22.093054,88.086457,4,30,3,5,11,51.93
22.065202,88.018456,7,42,3,21,11,58.5
22.061154,88.063343,22,8,3,8,10,17.02
22.046272,88.123269,4,52,4,27,2,36.33
22.103376,88.063386,15,21,6,23,6,22.7
22.062064,88.015786,5,39,6,18,6,22.93
22.05385,88.126591,7,25,4,4,8,71.93
22.056136,88.090272,11,45,4,1,11,50.23
22.082669,88.0677,8,36,2,5,4,60.7
22.077663,88.058657,20,10,0,14,7,49.45
22.079082,88.102271,23,11,4,22,4,52.4
22.079625,88.05354,12,52,0,5,3,45.62
22.130949,88.104248,12,31,4,20,4,51.93
22.054508,88.086066,1,16,3,2,9,36.82
22.051333,88.07714,5,8,5,8,6,40.63
22.042287,88.074165,0,7,6,17,9,38.42
22.085179,88.064551,20,55,3,24,9,49.26
22.100569,88.101169,5,58,4,22,5,46.87
22.063282,88.04384,8,23,3,15,12,55.74
22.041495,88.021142,20,12,2,2,1,43.68
22.041966,88.088233,17,25,0,9,11,39.56
22.086218,88.088737,14,8,0,22,1,39.18
22.088998,88.084207,0,32,5,3,5,26.9
22.082995,88.082032,13,37,6,20,10,45.23
22.046735,88.060184,13,59,0,20,9,33.4
22.073665,88.093424,7,19,2,22,4,75.87
22.070201,88.068433,17,11,4,7,11,39.38
22.073261,88.055187,22,8,4,7,2,30.1
22.092843,88.060443,6,22,5,6,9,32.69
22.073408,88.130419,7,36,4,12,7,74.15
22.087067,88.017751,7,3,0,15,3,81.86
22.068727,88.084794,20,45,1,4,12,59.76
22.075374,88.019427,1,27,3,16,10,32.19
22.085639,88.066553,21,47,0,7,1,52.24
22.022985,88.056791,18,27,2,16,2,36.92
22.05711,88.007249,11,9,2,9,1,37.71
22.052589,88.081471,14,1,6,27,5,20.86
22.047534,88.058399,21,33,2,9,6,22.67
22.058446,88.006824,18,32,6,25,9,26.65
22.111548,88.094987,6,48,4,5,9,54.95
22.040725,88.11285,1,52,4,3,1,39.6
22.095748,88.114504,15,9,5,6,6,28.18
22.016214,88.080569,3,18,5,12,10,38.84
22.056653,88.071182,2,12,1,26,11,34.98
22.071583,88.109645,23,6,2,5,4,39.67
22.084287,88.120272,11,0,3,22,1,50.99
22.088037,88.103807,15,4,6,20,2,17.85
22.0905,88.041554,5,31,0,10,5,39.17
22.056238,88.07584,2,9,3,10,6,39.79
22.052829,88.082985,1,11,1,27,5,41.79
22.092439,88.015511,8,7,1,21,2,75.73
22.060961,88.083881,0,43,5,7,5,28.35
22.028429,88.13799,10,38,1,26,4,40.69
22.032701,88.088998,7,57,5,12,6,55.58
22.039116,88.114002,12,6,6,3,1,40.86
22.081615,88.075287,14,12,5,23,10,32.31
22.070973,88.067603,7,27,1,25,6,68.01
22.087415,88.081238,10,38,0,13,4,43.09
22.053882,88.045325,1,7,3,20,11,37.22
22.071456,88.040887,7,12,3,7,9,63.1
22.085468,88.107789,23,25,5,24,2,27.44
22.05742,88.11097,23,1,2,11,2,38.85
22.080403,88.040067,11,23,1,8,1,14.78
22.046842,88.09884,22,45,6,15,7,20.59
22.055808,88.067191,12,31,6,8,5,27.35
22.055248,88.079994,3,26,4,18,5,50.24
22.030825,88.083607,20,29,4,21,7,45.47
22.081309,88.099631,9,56,6,12,7,62.18
22.052618,88.072282,14,31,3,22,1,36.24
22.067075,88.112105,15,32,1,13,2,28.46
22.081122,88.079082,7,55,4,28,10,69.59
22.080096,88.088526,17,9,3,8,12,54.69
22.086662,88.044802,12,5,5,20,11,33.69
22.063745,88.13456,8,26,5,15,11,66.42
22.054001,88.083895,7,19,3,27,6,62.61
22.064308,88.09119,17,12,2,7,10,44.33
22.01608,88.021554,5,7,2,6,11,33.7
22.023287,88.045119,2,52,4,25,11,34.22
22.027019,88.106937,21,36,4,26,2,17.26
22.036783,88.078407,7,41,3,21,2,72.34
22.078693,88.012387,15,7,3,14,5,28.4
22.039536,88.100949,17,20,6,12,7,51.33
22.055355,88.053487,20,37,1,19,12,50.28
22.105677,88.11214,15,31,1,21,4,41.72
22.056012,88.067165,16,41,5,8,10,34.06
22.088825,88.075941,20,40,6,1,11,46.56
22.038691,88.105169,22,24,4,3,12,23.21
22.060537,88.042875,1,46,2,10,3,23.15
22.038199,88.040015,17,15,2,20,3,55.93
22.056529,88.063905,4,4,3,13,3,54.17
22.091909,88.094615,21,54,0,18,9,27.21
22.01488,88.029874,1,1,3,14,9,21.89
22.079733,88.019759,5,17,1,8,5,38.45
22.073832,88.094512,4,6,1,21,2,55.8
22.048876,88.051711,14,13,3,21,7,24.86
22.023318,88.058033,0,23,6,27,9,8.73
22.068864,88.014096,0,7,1,24,6,44.3
22.050815,88.049431,12,28,6,11,4,35.04
22.07368,88.069573,23,55,3,20,8,36.41
22.067356,88.097711,12,8,6,10,8,38.71
22.114753,88.046663,10,55,2,25,8,46.48
22.059519,88.119521,15,24,6,18,11,15.94
22.035995,88.049263,13,35,4,24,4,28.58
22.072078,88.049307,9,26,4,8,8,66.2
22.0733,88.115921,14,18,3,1,11,27.97
22.107476,88.076144,0,6,3,4,3,38.47
22.091753,88.053239,5,35,3,15,4,43.29
22.077406,88.065146,16,54,5,27,1,18.99
22.110599,88.110392,8,31,5,18,5,68.54
22.031037,88.113786,1,35,0,23,1,31.18
22.047507,88.045296,2,38,4,14,9,22.25
22.038903,88.068527,20,23,5,27,2,42.88
22.055006,88.072505,7,7,5,27,9,60.45
22.025399,88.040213,0,30,3,7,7,17.16
22.085755,88.068129,17,52,2,25,12,52.88
22.060033,88.06996,12,18,4,1,5,40.15
22.022576,88.104006,10,52,4,17,5,35.24
22.036233,88.106023,21,51,2,13,3,13.16
22.076105,88.059924,7,14,2,9,7,74.48
22.091844,88.063381,13,34,2,27,3,34.09
22.126602,88.089729,17,44,0,19,2,60.16
22.154116,88.052244,14,29,0,4,12,40.9
22.079132,88.087459,4,41,0,4,9,44.37
22.037014,88.067163,16,54,2,4,2,30.55
22.002739,88.040718,17,37,3,9,8,43.19
22.074731,88.041095,2,50,2,2,4,45.72
22.042312,88.113212,3,48,6,8,3,40.23
22.054239,88.065107,16,48,1,22,6,27.1
22.048337,88.119011,2,51,2,25,10,30.74
22.062476,88.054391,21,13,1,23,1,23.5
22.098679,88.078536,2,1,2,14,5,43.22
22.071411,88.14158,23,9,4,20,12,49.44
22.061941,88.038078,16,14,2,27,5,18.74
22.03563,88.012866,10,41,2,2,2,31.86
22.01646,88.108398,6,30,4,26,6,44.8
22.052111,88.044996,8,28,5,21,9,66.28
22.065087,88.069179,17,0,1,11,12,49.14
22.119738,88.052222,18,41,0,13,8,60.23
22.070608,88.077845,5,21,1,13,1,34.08
22.096182,88.041284,13,45,4,5,10,29.51
22.051721,88.064402,23,6,6,7,10,8.04
22.031152,88.083294,6,17,1,9,8,47.72
22.037746,88.039551,16,3,0,1,11,24.25
22.044943,88.048797,4,17,3,15,10,45.02
22.130554,88.059379,20,55,6,14,3,47.11
22.042058,88.026936,4,29,3,10,6,32.04
22.091855,88.057123,7,26,6,5,7,64.44
22.039612,88.073364,11,16,4,28,6,44.84
22.094647,88.057814,8,15,0,19,8,82.55
22.078249,88.061659,4,40,2,14,9,49.71
22.062001,88.069203,15,59,5,21,2,23.62
22.065477,88.050128,0,44,3,11,7,42.04
22.047056,88.090532,23,44,1,7,1,30.54
22.080082,88.112879,1,28,1,19,7,41.2
22.05305,88.055869,8,5,4,22,6,64.59
22.029932,88.084356,22,43,3,19,3,20.34
22.028362,88.062611,3,48,4,16,12,35.45
22.071878,88.080765,1,30,2,1,4,31.59
22.114073,88.116773,17,5,2,18,1,68.37
22.0715,88.08506,1,42,4,18,5,43.65
22.063141,88.016598,21,55,0,12,10,31.66
22.075275,88.08342,10,13,3,7,1,31.12
22.10588,88.106786,20,9,2,28,6,73.42
22.073281,88.063152,5,44,5,11,6,27.71
22.054372,88.099669,3,19,5,8,11,29.49
22.099889,88.049097,23,42,2,20,1,29.77
22.079563,88.025234,18,42,1,14,1,55.8
22.112773,88.074035,21,15,1,16,7,35.5
22.072197,88.017106,7,2,1,19,3,62.82
22.029966,88.062607,9,33,1,11,9,56.32
22.025655,88.108405,13,24,5,5,4,24.1
22.116228,88.012507,10,51,0,5,7,47.57
22.11841,88.031415,5,21,0,27,1,52.23
22.061314,88.038839,9,14,3,15,9,72.49
22.055204,88.0679,14,51,1,12,7,39.19
22.110543,88.058828,0,44,5,9,1,14.56
22.033489,88.111774,8,37,5,21,4,54.58
22.039858,88.09843,7,57,5,26,1,66.84
22.086,88.084658,1,46,3,22,1,38.95
22.054862,88.074169,2,51,3,15,9,35.15
22.066546,88.081597,11,47,2,14,6,31.14
22.061797,88.043941,2,24,1,25,10,43.2
22.076827,88.095516,8,3,3,24,4,75.9
22.108924,88.036439,13,36,6,11,9,39.32
22.069418,88.094861,20,45,1,28,8,49.99
22.086018,88.105384,2,59,0,24,8,47.47
22.005195,88.076126,10,40,3,24,10,23.95
22.065238,88.064514,2,34,2,2,9,38.33
22.041403,88.081809,10,34,5,4,9,14.59
22.030136,87.983954,11,6,5,9,9,6.78
22.040355,88.078868,19,0,6,22,6,39.92
22.056676,88.066399,10,2,2,3,9,55.05
22.094177,88.068281,22,54,6,3,11,14.52
22.026908,88.090996,3,47,0,1,9,30.92
22.067619,88.067557,1,15,2,6,8,38.97
22.052175,88.035594,0,25,1,26,1,41.88
22.05687,88.065558,8,29,6,21,6,62.43
22.096783,88.071827,4,14,4,21,1,52.41
22.082843,88.073248,2,25,2,9,2,39.95
22.106822,88.074658,5,20,1,18,5,46.43
22.062065,88.100981,23,41,5,22,6,29.86
22.045822,88.037219,19,45,4,15,7,39.64
22.059984,88.075071,0,5,5,24,11,33.84
22.073975,88.108498,21,27,3,16,10,21.81
22.071997,88.017762,4,59,1,10,6,44.8
22.034168,88.075189,9,52,2,18,5,64.04
22.069415,88.052239,7,47,4,27,9,66.55
22.073547,88.058679,9,44,1,24,4,55.17
22.142224,88.042656,18,0,0,14,11,49.22
22.123005,88.064713,17,58,5,17,10,58.93
22.041103,88.125038,14,44,3,28,9,39.54
22.058078,88.031867,15,53,2,21,3,24.67
22.022797,88.034712,17,54,3,15,8,35.06
22.048979,88.030742,4,15,5,8,10,31.03
22.076168,88.121623,9,0,0,26,1,64.3
22.102876,88.05593,2,39,3,28,3,43.51
22.044827,88.069031,16,27,1,2,7,26.22
22.047076,88.057717,10,1,0,1,5,38.56
22.002281,88.041467,15,16,0,4,9,10.76
22.06182,88.062745,13,59,3,11,5,36.66
22.034828,88.143547,6,21,3,5,12,53.05
22.050817,88.111562,3,15,3,25,4,43.28
22.040394,88.044212,23,39,5,26,5,18.43
22.063872,88.089227,7,39,3,6,1,84.78
22.013968,88.044854,2,19,4,24,3,24.27
22.022689,88.016509,7,50,5,4,3,60.08
22.130577,88.100385,21,34,4,23,10,30.88
22.028077,88.104603,6,9,6,11,5,42.78
22.033796,88.101182,23,19,1,2,3,36.87
22.121807,88.055704,11,50,5,12,4,33.08
22.153852,88.064797,20,5,4,24,7,52.73
22.031553,88.092293,15,0,4,27,10,12.39
22.055653,88.081545,1,39,0,4,12,33.25
22.076947,88.057991,12,26,3,24,1,46.61
22.118561,88.021228,10,15,6,9,11,27.34
22.037094,88.073216,4,28,4,13,5,41.16
22.059342,88.10217,13,11,0,4,10,32.75
22.09002,88.033872,2,22,2,28,1,37.21
22.079743,88.088963,16,14,3,23,8,21.98
22.055415,88.079746,19,35,5,18,12,43.53
22.062685,88.092304,2,40,3,21,1,38.49
22.025453,88.095959,11,54,5,25,10,21.18
22.059555,88.048966,15,4,5,5,2,14.17
22.058708,88.021291,1,19,1,7,12,24.75
22.073665,88.053794,9,15,1,2,9,56.95
22.05004,88.096474,6,34,6,14,11,47.51
22.080846,88.05354,0,31,4,14,11,32.39
22.097081,88.048979,19,52,5,1,4,30.28
22.071363,88.015159,10,55,6,19,5,24.19
22.077253,88.122379,18,46,2,1,9,63.45
22.068295,88.094571,14,11,0,23,3,35.59
22.066703,88.092897,21,2,6,20,4,34.95
22.045053,88.098832,23,53,4,23,2,27.01
22.076195,88.087101,14,56,0,4,11,44.57
22.063781,88.06247,8,15,3,25,3,74.76
22.129495,88.064887,10,2,0,16,5,50.15
22.113901,88.056973,19,40,2,25,6,44.97
22.078275,88.148842,10,35,2,20,5,43.49
22.043808,88.086477,12,53,3,19,10,50.28
22.033328,88.055886,4,34,3,1,11,32.49
22.102434,88.083765,23,45,5,20,7,39.07
22.074582,88.039474,15,47,2,13,11,22.53
22.081104,88.114935,7,0,5,24,2,71.34
22.014362,88.049968,14,8,6,20,12,13.84
22.094523,88.084833,9,46,5,3,2,61.81
22.080333,88.101779,3,10,1,25,1,41.1
22.033387,88.081343,20,12,4,2,1,50.19
22.052554,88.072634,21,45,1,9,3,27.2
22.074612,88.070124,20,12,3,7,11,55.56
22.068274,88.068107,8,8,4,28,4,65.23
22.057935,88.052499,6,0,2,5,10,35.53
22.063595,88.056315,1,28,0,24,6,37.01
22.059141,88.114188,17,38,5,7,2,41.11
22.071277,88.066544,7,43,5,19,6,71.4
22.110845,88.046226,21,54,0,3,3,29.83
21.9897,88.054311,20,39,2,11,4,38.11
22.059594,88.102811,3,45,1,18,7,48.08
22.071995,88.090068,22,12,6,20,10,26.33
22.07558,88.08661,3,20,6,25,8,27.38
22.055543,88.062074,11,18,4,23,3,27.97
22.013998,88.087001,11,3,3,15,9,40.56
22.07654,88.050493,22,58,0,9,9,29.64
22.118521,88.062012,15,14,1,8,3,21.52
22.020684,88.098894,21,26,0,28,11,28.07
22.092615,88.096028,14,21,5,18,11,34.08
22.056844,88.040343,19,2,0,26,8,39.8
22.06486,88.044134,20,54,4,13,4,40.28
22.035113,88.073061,20,13,6,14,5,48.91
22.056666,88.121584,9,6,2,24,6,57.8
22.105701,88.012333,9,20,4,21,3,59.57
22.08418,88.07815,23,8,6,6,4,30.27
22.118669,88.028519,18,59,2,15,2,62.74
22.102022,88.05077,22,11,3,6,2,36.02
22.079873,88.058867,13,18,1,22,9,34.87
22.119018,88.057185,22,16,2,1,2,45.6
22.07987,88.053786,17,1,6,24,6,34.67
22.09154,88.070016,17,0,4,27,6,55.2
22.057803,88.053742,4,30,1,1,1,44.24
22.068696,88.025926,13,13,3,18,10,29.66
22.045777,88.093196,17,5,4,3,12,55.29
22.096388,88.092386,18,17,0,11,8,52.45
22.031351,88.095095,22,16,5,10,9,27.41
22.090171,88.023578,7,25,1,15,3,54.51
22.06098,88.078768,7,59,2,26,11,72.3
22.101837,88.090079,23,18,2,13,10,35.97
22.089226,88.038864,23,42,3,12,6,39.76
22.121319,88.070075,4,46,6,3,9,43.94
22.088623,88.066312,9,3,1,25,12,78.06
22.019539,88.125065,22,30,1,9,8,33.97
22.064691,88.127535,4,26,2,13,3,48.88
22.03154,88.019869,18,30,6,3,4,39.8
22.051152,88.144618,2,10,6,9,3,45.92
22.112037,88.042343,4,27,3,16,4,49.38
22.085826,88.09922,18,7,4,26,11,39.49
22.045732,88.098915,14,56,6,10,3,25.81
22.036288,88.039929,13,35,5,16,11,37.17
22.067683,88.084598,20,2,4,25,4,44.29
22.030203,88.066574,7,30,3,11,6,71.1
22.046566,88.08643,12,55,6,9,7,41.36
22.07606,88.07672,14,44,1,2,2,34.8
22.101359,88.10569,17,16,2,26,3,44.48
22.084963,88.072062,7,53,4,4,4,68.12
21.997961,88.064764,15,11,0,7,1,33.67
22.075831,88.102682,10,14,3,4,10,38.67
22.068861,88.087212,13,9,5,20,7,31.03
22.079117,88.091754,20,55,1,11,11,48.26
22.115186,88.049862,9,43,5,20,11,73.2
22.004803,88.038442,16,31,2,18,5,13.76
22.048967,88.052768,22,40,6,1,10,15.62
22.084427,88.051175,18,15,4,9,1,59.97
22.019252,88.093386,23,4,1,1,6,33.37
22.110978,88.09908,14,50,5,2,8,34.1
22.077751,88.065146,6,57,0,14,6,37.25
22.092098,88.112728,23,2,1,8,9,48.29
22.049572,88.110854,15,3,6,3,11,24.51
22.091113,88.077102,5,33,6,12,6,31.55
22.098754,88.045143,7,2,0,13,4,58.31
22.073686,88.117061,6,43,2,28,7,43.22
22.073732,88.067969,20,56,0,19,11,43.31
22.07481,88.073585,2,16,1,12,12,27.07
22.0408,88.059612,17,17,6,14,10,32.42
22.062274,88.043106,13,51,1,3,3,30.51
22.062124,88.025741,1,21,4,11,3,28.95
22.078202,88.088786,14,14,5,17,7,47.32
22.096695,88.046298,18,5,6,1,5,43.15
22.034944,88.161586,17,50,2,26,8,55.45
22.06295,88.037218,12,55,4,15,12,42.53
22.111144,88.032079,8,4,3,23,7,68.18
22.044392,88.085104,3,48,0,8,5,43.88
22.042032,88.115679,0,9,1,24,11,39.05
22.072769,88.071738,8,8,5,11,6,64.46
22.092032,88.086967,15,22,4,26,8,52.22
22.067043,88.014494,0,26,3,15,2,35.34
22.106569,88.049475,23,51,5,18,7,21.39
22.092404,88.037592,14,41,4,6,6,40.13
22.091955,88.012949,7,8,2,28,2,60.89
22.083323,88.073309,23,35,2,6,3,37.92
22.13653,88.002515,4,52,6,1,9,29.01
22.060545,88.030134,22,39,6,13,3,11.14
22.006594,88.053684,6,13,0,24,2,38.42
22.114828,88.044861,9,7,5,26,1,71.09
22.052969,88.081692,10,27,0,24,1,43.18
22.069936,88.078967,23,28,6,16,6,33.79
22.105987,88.096614,6,21,4,26,6,55.28
22.018632,88.092372,23,6,4,14,8,30.33
22.029151,88.104024,8,7,4,14,7,64.39
22.018662,88.069742,6,31,4,6,7,44.92
22.042876,88.078904,15,56,1,23,12,33.25
22.079889,88.085145,16,35,5,9,3,23.17
22.082426,88.07405,8,26,3,6,9,70.2
22.074988,88.057884,3,55,3,11,1,52.89
22.024317,88.059827,9,41,2,17,11,60.75
21.997397,88.045273,12,43,0,8,5,32.52
22.068331,88.082449,0,34,3,11,5,39.98
22.052547,88.06698,1,45,2,10,2,34.89
22.080482,88.049905,22,30,4,17,7,23.72
22.087759,88.049933,0,37,2,20,5,37.99
22.070847,88.033488,9,36,6,19,12,57.3
22.089504,88.099165,18,45,4,4,3,68.86
22.073576,88.072159,7,53,3,10,6,76.26
22.082602,88.043916,11,17,4,19,11,32.48
22.04556,88.094056,2,41,4,7,10,45.23
22.061312,88.052987,19,1,4,2,10,50.0
22.072603,88.027605,15,31,4,10,7,33.16
22.091316,88.100437,20,53,6,20,11,47.99
22.054888,88.053687,20,38,2,19,3,49.47
22.082335,88.057533,8,16,3,4,10,68.49
22.058725,88.071035,0,36,1,19,7,34.59
22.063174,88.104078,8,21,3,6,5,65.81
22.091586,88.070401,3,25,6,21,3,43.15
22.006908,88.033826,12,13,4,16,7,34.79
22.027806,88.086116,3,37,1,4,1,48.2
22.022234,88.05525,22,11,6,10,9,16.99
21.996692,88.126438,14,26,5,23,3,26.95
22.046352,88.069766,6,56,3,13,5,48.08
22.089183,88.002749,22,45,1,20,3,19.76
22.058153,88.080521,18,24,2,21,6,57.75
22.072634,88.128138,10,58,5,1,5,48.71
22.099377,88.117078,3,0,4,27,3,59.99
22.106531,88.124729,8,57,1,10,11,82.12
22.064626,88.039207,14,21,1,23,10,30.98
22.107308,88.097165,18,49,6,14,5,52.65
22.069464,88.04814,6,56,3,17,1,45.61
22.041578,88.076529,17,36,4,11,11,44.15
22.048868,88.031611,6,36,2,24,9,47.99
22.022284,88.050466,5,44,0,4,7,41.26
22.040056,88.049513,10,14,2,26,8,28.33
22.055959,88.096757,3,10,4,6,1,56.93
22.090808,88.093822,9,20,2,25,6,73.29
22.118323,88.078105,8,28,4,1,3,68.11
22.025235,88.029287,6,44,3,1,8,29.76
22.078485,88.060451,18,15,2,3,12,60.8
22.035484,88.047417,7,33,1,16,7,76.23
22.080941,88.09589,16,0,1,8,8,37.98
22.062767,88.105146,17,1,1,17,9,62.99
22.011773,88.101492,15,58,5,23,12,27.34
22.094549,88.047143,6,51,2,1,1,49.75
22.04855,87.987614,19,51,5,15,4,35.43
22.050683,88.016791,5,19,2,21,4,40.69
22.034607,88.112449,6,30,2,12,9,50.99
22.047072,88.057762,20,40,6,26,6,36.47
22.079537,88.047278,8,15,6,19,10,66.85
22.061023,88.11908,16,44,2,1,6,41.29
22.07656,88.107755,1,41,1,16,12,41.5
22.077558,88.070533,14,24,5,11,10,31.19
22.10632,88.060998,20,26,0,4,1,58.46
22.056416,88.065837,17,18,3,27,12,44.12
22.022394,88.076615,13,48,4,7,12,26.63
22.098717,88.117801,20,59,4,3,1,68.5
22.056755,88.082474,7,59,0,7,5,66.7
22.100138,88.091581,9,46,0,24,12,73.61
22.078201,88.104878,1,20,1,17,11,38.56
22.062766,88.03471,16,46,0,23,6,30.95
22.077163,88.092446,17,14,3,13,7,60.06
22.12523,88.060963,18,53,6,4,1,48.37
22.129009,87.994317,17,16,2,11,7,41.26
22.068781,88.005955,3,24,3,6,8,32.87
22.071506,88.039256,15,5,1,16,5,29.14
22.098987,88.085737,18,4,0,8,4,56.95
22.04133,88.073214,4,23,4,28,10,41.76
22.076692,88.075331,11,33,1,11,6,40.88
22.065924,88.128328,21,1,3,9,4,39.59
22.076117,88.031727,9,50,4,28,5,63.72
22.041699,88.068977,18,6,5,15,6,44.06
22.019013,88.078933,12,59,1,5,4,31.37
22.00451,88.047712,15,16,4,14,7,35.91
22.033178,88.07065,15,22,6,8,11,16.01
22.05294,88.021802,15,9,3,21,9,22.42
22.057904,88.112097,18,49,0,17,3,57.56
22.124817,88.049352,21,43,1,21,6,29.78
22.09988,88.130742,7,4,5,27,7,74.4
22.037837,88.068826,22,6,5,21,9,20.4
22.077131,88.100642,15,36,2,10,10,26.17
22.054488,88.068201,14,51,1,6,6,39.43
22.058169,88.068878,7,6,2,15,4,56.99
22.07226,88.052279,10,13,1,13,8,51.01
22.085275,88.073374,15,32,5,9,2,30.1
22.056522,88.07934,8,6,5,23,9,66.96
22.098616,88.046272,6,18,0,26,11,34.09
22.032442,88.066049,19,0,5,11,9,34.27
22.06689,88.051497,9,29,5,20,6,68.81
22.14463,88.13879,15,42,4,28,10,73.93
22.073392,88.067108,0,24,6,1,7,37.87
22.109696,88.116157,1,15,0,11,7,55.11
22.069446,88.063931,20,25,4,21,11,54.7
22.084123,88.077579,3,30,0,14,3,39.09
22.064997,88.030159,19,9,6,23,10,46.74
22.061588,88.056388,21,6,3,14,9,18.13
22.043316,88.076116,11,10,0,2,7,27.0
22.079609,88.11738,21,59,5,13,1,19.8
22.041154,88.076459,10,43,5,12,10,38.5
22.086668,88.111312,22,7,3,24,3,36.56
22.099259,88.089022,5,18,2,5,11,51.39
22.077696,88.118622,10,24,0,5,10,46.58
22.058113,88.068029,9,10,6,4,5,51.97
22.080319,88.141507,18,51,1,16,6,54.83
22.05744,88.055238,1,56,5,28,1,24.53
22.094766,88.046806,19,14,4,18,6,41.34
22.011758,88.033498,0,0,4,23,1,20.88
22.056632,88.139731,7,16,4,24,12,68.57
22.006976,88.094383,14,34,6,17,8,31.58
22.021848,88.059776,3,48,0,18,3,40.21
22.107616,88.107271,11,20,6,7,10,31.56
22.093556,88.090431,23,16,0,27,1,35.83
22.045116,88.128784,19,14,6,23,7,61.23
22.021625,88.023365,0,0,1,25,2,17.62
21.977764,88.061839,14,0,5,28,1,23.44
22.050395,88.055924,14,25,0,10,3,35.26
22.139312,88.01059,1,37,3,5,4,47.44
22.079747,88.10161,15,0,3,25,9,35.06
22.049913,88.061688,12,12,6,14,11,31.07
22.080652,88.091989,16,54,0,27,10,30.92
22.019871,88.140593,7,59,0,20,9,72.4
22.05778,88.059203,6,38,4,8,7,42.12
22.069684,88.057165,17,31,0,10,5,40.08
22.064117,88.07336,17,34,5,18,4,53.12
22.090424,88.099417,3,22,0,12,12,55.64
22.077039,88.052799,5,12,6,8,7,30.72
22.08675,88.050871,14,22,3,6,7,36.22
22.046049,88.101516,19,41,6,19,1,43.78
22.093634,88.081159,4,39,0,1,6,40.05
22.115568,88.008458,5,40,1,3,9,30.71
22.037596,88.033038,19,36,3,2,6,38.11
22.040069,88.114837,16,3,0,21,8,25.6
22.106774,88.081858,21,37,0,1,10,23.98
22.06096,88.046934,18,52,2,12,1,48.03
22.108815,88.064688,22,38,5,4,11,36.63
22.053424,88.070197,4,34,4,17,10,48.01
22.110351,88.091872,6,13,0,1,6,51.78
22.070645,88.029052,5,47,0,1,10,27.77
22.074447,88.044572,1,27,4,12,1,40.75
22.113642,88.077989,18,15,2,20,4,57.56
22.055847,88.066805,15,29,5,4,2,23.27
22.038466,88.086956,2,7,2,14,8,52.05
22.053243,88.032915,4,55,2,23,11,32.21
22.08027,88.080514,4,42,1,18,8,26.34
22.019727,88.102548,9,19,1,22,9,57.66
22.085824,88.084405,10,47,4,9,2,47.3
22.050537,88.073973,6,3,3,27,12,43.71
22.101134,88.066923,22,23,4,5,3,25.31
21.994872,88.044754,5,39,0,17,7,23.35
22.043103,88.06764,13,1,3,13,9,34.86
22.016106,88.107591,10,42,3,1,11,29.36
22.041913,88.066229,9,49,6,27,12,61.35
22.07413,88.043106,19,35,2,20,8,45.42
22.061323,88.055033,23,12,0,7,7,25.75
22.059099,88.075826,0,44,4,2,6,29.44
22.061924,88.058595,11,20,1,19,7,37.62
22.072802,88.084359,2,44,6,16,9,36.63
22.036444,88.085485,10,37,2,2,8,39.51
22.087905,88.096469,14,5,5,28,8,38.74
22.08658,88.112507,9,5,4,21,6,73.65
22.078251,88.099676,7,0,3,13,3,67.1
22.083396,88.041773,7,4,4,7,1,63.47
22.075593,88.042694,7,17,1,8,6,64.98
22.127752,88.067527,7,1,0,13,5,91.19
22.064087,88.056265,8,56,5,2,8,51.42
22.057488,88.03565,16,54,6,11,11,12.54
22.044094,88.056549,2,10,6,7,9,30.52
22.035732,88.055565,0,18,2,4,10,27.59
22.029366,88.049645,12,44,2,4,7,43.82
22.040036,88.060326,16,39,2,10,12,19.94
22.06458,88.105154,6,34,4,11,12,46.99
22.076729,88.075777,4,59,4,10,2,51.22
22.068234,88.143954,14,37,5,20,8,53.02
22.043734,88.074915,9,40,6,15,7,68.73
22.093706,88.061098,17,30,2,6,12,51.67
22.088882,88.069924,3,31,4,28,8,44.4
22.061911,88.077495,2,17,3,21,1,40.6
22.047113,88.082858,13,31,6,14,3,34.53
22.083153,88.132101,9,55,2,2,2,69.97
22.072339,88.04444,17,22,1,26,3,54.78
22.023256,88.095571,12,7,2,21,2,42.07
22.064661,88.076033,8,35,4,13,10,68.79
22.074561,88.022667,3,47,6,5,6,22.93
22.039709,88.092921,3,57,5,4,9,35.81
22.072395,88.107829,18,32,0,9,12,41.61
22.023055,88.044085,5,47,3,7,8,32.52
22.106786,88.069532,12,15,1,6,6,43.84
22.104138,88.018039,19,25,2,12,4,51.15
22.059124,88.032036,21,25,6,2,10,30.02
22.077604,88.101241,6,19,6,10,7,47.77
21.994402,88.055808,2,42,1,25,10,39.92
22.03201,88.036536,18,53,0,25,1,46.69
22.057887,88.076684,16,19,4,1,2,33.91
22.034536,88.054128,7,8,2,20,2,77.08
22.088132,88.055675,14,49,3,28,9,33.9
22.126619,88.09198,4,50,6,17,7,41.71
22.031402,88.034948,16,56,6,11,4,16.95
22.041576,88.042639,17,15,6,14,4,38.31
22.073763,88.074422,7,43,5,6,8,66.56
22.115033,88.098882,11,42,6,12,12,38.85
22.030029,88.106945,8,47,5,27,12,58.17
22.074171,88.049848,0,48,6,18,6,39.05
22.121339,88.097921,3,57,3,13,9,44.02
22.017147,88.046276,23,28,0,4,2,28.68
22.028268,88.124586,10,4,5,26,12,39.08
22.053992,88.035787,3,11,6,5,1,19.75
22.051082,88.109654,1,53,2,21,5,34.28
22.091078,88.050105,8,50,2,9,9,64.78
22.07395,88.130197,23,0,4,8,12,43.88
22.013451,88.08754,9,22,4,5,3,60.06
22.082162,88.03932,23,14,4,11,8,30.32
22.049374,88.054133,11,19,2,19,3,23.58
22.104933,88.093235,18,38,5,12,1,67.45
22.047872,88.101379,18,30,5,1,6,45.71
22.047602,88.067679,0,28,6,8,7,29.97
22.082934,88.07114,0,26,4,5,4,33.31
22.089588,88.092551,22,38,0,12,12,30.68
22.080143,88.073754,22,40,5,26,8,39.44
22.016132,88.030995,3,2,0,27,6,18.32
22.082841,88.045411,15,8,1,28,6,29.13
22.035671,88.076854,22,20,1,4,6,18.57
22.073758,88.106264,22,26,1,14,2,32.02
22.023988,88.118279,7,59,5,2,8,59.4
22.08009,88.093186,19,53,3,14,10,47.62
22.042502,88.078419,15,38,1,17,6,26.22
22.028221,88.092264,22,2,0,22,6,9.88
22.088115,88.049797,3,6,1,10,11,40.23
22.073949,88.065203,14,27,4,2,8,37.73
22.048281,88.045076,0,35,5,13,4,14.56
22.110235,88.032338,8,39,2,12,1,80.36
22.05348,88.079806,0,8,0,18,10,30.35
22.067663,88.075365,10,53,3,3,8,39.07
22.074767,88.09043,19,29,5,18,8,43.43
22.04811,88.086183,15,35,0,12,4,26.93
22.080834,88.077079,7,2,5,21,3,75.31
22.050696,88.086498,10,49,1,28,6,57.23
22.054351,88.06852,8,32,1,7,10,72.26
22.107579,88.082187,17,13,4,22,4,64.22
22.035482,88.048016,6,19,0,4,7,50.87
21.994317,88.080891,2,21,2,28,12,34.28
22.115028,88.089853,12,1,0,14,3,62.0
22.14318,88.04971,19,56,1,21,3,62.86
22.054542,88.071355,11,48,5,22,3,31.31
22.008595,88.051092,4,53,1,18,11,37.08
22.057385,88.054005,1,21,0,11,7,21.98
22.058113,88.036052,22,33,1,22,12,27.3
22.061002,88.107773,18,27,0,14,12,42.69
22.033298,88.101771,3,28,4,19,6,30.2
22.084087,88.085923,1,35,6,18,1,36.8
22.082435,88.128966,3,27,1,13,4,42.67
22.021868,88.064123,9,46,5,4,7,55.02
22.087676,88.160753,19,3,2,9,5,63.83
22.128281,88.062974,3,11,0,27,1,49.99
22.071859,88.077456,19,53,4,15,12,45.47
22.05658,88.057867,0,52,1,18,4,38.76
22.06244,88.08097,17,49,3,8,8,50.43
22.085158,88.094868,6,22,3,20,12,53.06
22.01478,88.066383,23,27,4,14,7,17.43
22.071632,88.123102,11,1,0,7,9,42.79
22.054986,88.076974,6,16,1,5,1,52.06
22.122135,88.077915,5,43,5,12,9,53.0
22.061475,88.04253,19,20,6,16,11,35.13
22.116737,88.082355,9,28,0,8,12,70.64
22.033588,88.065779,8,7,2,7,2,57.32
22.084318,88.051553,17,29,6,8,3,39.85
22.076282,88.046506,12,43,2,9,1,31.79
22.040629,88.149953,15,34,3,21,12,32.65
22.072022,88.061896,10,33,6,14,4,38.2
22.103076,88.02609,1,54,6,14,7,25.65
22.056986,88.048853,0,14,4,5,6,30.9
22.015941,88.068253,0,17,4,16,9,27.2
22.066173,88.0862,13,37,4,27,11,49.54
22.039627,88.086444,12,28,1,21,4,37.3
22.05643,88.090098,17,58,6,13,10,41.31
22.064252,88.050454,21,3,0,9,4,19.59
22.01553,88.080013,4,7,0,10,3,30.68
22.01823,88.043518,22,20,4,1,2,25.0
22.081162,88.051211,22,27,5,1,5,22.74
22.051018,88.042269,14,53,5,22,7,27.47
21.989758,88.034148,12,29,4,24,10,38.77
22.090245,88.101726,4,26,2,28,11,59.32
22.074871,88.090458,4,10,2,18,7,35.39
22.045284,88.0991,0,26,2,27,5,40.19
22.027195,88.070979,15,31,1,12,3,24.9
22.091774,88.093104,10,35,2,8,11,42.34
22.077181,88.016961,4,36,0,7,5,41.4
22.138178,88.095693,3,25,2,7,10,41.41
22.079306,88.075114,1,9,6,21,8,43.92
22.078331,88.088613,15,9,4,1,12,35.0
22.061692,88.081201,16,9,0,27,12,20.94
22.091203,88.040188,15,37,2,22,9,23.51
22.085453,88.024859,2,51,1,11,8,25.38
22.104252,88.048438,0,52,1,20,2,34.96
22.05106,88.086748,2,18,4,4,1,36.61
22.053638,88.090503,18,4,6,13,7,35.43
22.052327,88.028762,17,37,4,4,9,49.54
22.090424,88.040367,7,2,3,4,9,78.21
22.111651,88.048103,1,37,1,1,4,40.4
22.052935,88.059081,7,22,1,23,7,64.69
22.053957,88.028938,19,50,5,21,11,41.36
22.076122,88.027138,3,37,4,26,2,38.37
22.059327,88.045145,19,44,3,28,5,39.17
22.095262,88.072388,11,24,4,28,12,36.73
21.999147,88.034382,3,50,5,28,3,21.99
22.041899,88.066326,22,31,5,1,4,22.38
22.043228,88.101557,12,37,0,22,6,43.74
21.997089,88.030747,16,21,2,21,9,15.16
22.037791,88.063607,2,26,0,5,4,25.18
22.039245,88.100543,8,50,2,4,10,73.4
22.060667,88.057252,15,23,4,28,3,25.85
22.100089,88.05259,15,1,1,25,5,47.91
22.059348,88.104705,1,22,1,10,7,37.83
22.035776,88.060614,14,23,3,3,1,35.54
22.064991,88.102935,22,25,3,10,10,53.24
22.098175,88.082669,18,4,4,1,9,56.55
22.037421,88.059515,4,7,0,20,11,38.54
22.039383,88.084191,21,19,1,11,4,19.33
22.083456,88.079413,16,25,5,2,5,34.11
22.060054,88.100426,1,1,4,28,11,32.05
22.086125,88.05335,3,23,6,24,1,39.58
22.066291,88.071036,22,19,5,26,6,20.77
22.08775,88.067955,5,2,5,28,6,39.66
22.035648,88.090924,2,15,3,1,6,28.63
22.066337,88.039045,10,16,6,22,6,39.98
22.060379,88.100309,12,8,2,23,9,43.65
22.030223,88.08379,13,45,6,22,3,23.07
22.019796,88.030292,15,4,2,8,11,26.72
22.087272,88.106048,23,34,3,11,11,35.34
22.056171,88.136823,18,39,4,27,3,58.45
22.036032,88.099855,0,48,2,2,12,40.52
22.063815,88.11261,2,32,1,18,4,47.68
22.100541,88.072361,0,32,6,23,1,17.97
21.998278,88.019955,9,45,3,23,5,58.24
22.021801,88.014476,8,51,6,17,10,50.48
22.039013,88.077452,22,12,2,22,11,25.22
22.110535,88.052041,8,47,6,26,8,65.2
22.075178,88.042363,0,27,4,22,10,21.73
22.08972,88.067918,21,5,5,4,4,25.83
22.032495,88.088268,6,36,5,7,11,27.38
22.033114,88.026217,21,58,1,9,8,17.1
22.080134,88.056334,18,8,5,10,2,45.22
22.068448,88.115096,21,0,6,11,2,34.64
22.083162,88.037541,19,54,4,7,4,43.03
22.06107,88.095893,3,35,6,20,1,48.43
22.075044,88.055258,15,13,5,4,4,27.96
22.071444,88.086174,9,47,4,23,12,66.44
22.090033,88.10272,15,23,3,19,3,26.59
22.09091,88.092038,17,19,6,27,8,39.59
22.018104,88.097075,12,17,1,1,12,42.07
21.999282,88.035252,7,35,3,9,4,52.61
22.096752,88.10321,21,8,5,26,9,37.61
22.102332,88.044219,15,21,6,14,6,18.63
22.036081,88.077586,21,18,1,16,4,18.81
22.010905,88.077547,5,3,0,1,12,40.45
22.069671,88.084354,20,45,2,22,8,48.49
22.094625,88.079909,7,0,6,8,6,68.18
22.120628,88.044486,11,57,3,27,10,48.18
22.082189,88.029304,20,5,0,11,11,49.56
22.055548,88.09597,8,21,0,6,10,71.05
22.039906,88.075375,6,5,2,17,11,43.83
22.067044,88.104281,21,22,2,14,4,19.91
22.057722,88.068458,23,36,0,14,5,33.93
22.036248,88.027645,7,5,3,27,3,62.49
22.128163,88.098784,7,31,3,11,9,86.47
22.120255,88.058689,5,46,1,12,10,54.1
22.100781,88.08006,0,27,1,18,8,38.8
22.039074,88.050376,13,6,4,5,8,42.19
22.092351,88.119129,6,41,6,24,10,45.46
22.085889,88.043503,20,11,6,7,3,46.48
22.079976,88.059677,4,1,3,7,5,41.96
22.10419,88.073023,15,26,0,1,9,36.01
22.085761,88.037035,12,16,6,10,1,33.05
22.0889,88.079716,14,1,6,17,11,47.29
22.085807,88.118157,2,46,1,20,3,61.73
22.076924,88.055086,11,35,2,26,10,43.31
22.013192,88.081654,15,54,0,22,8,33.6
22.069209,87.987317,8,28,5,9,11,43.11
22.050014,88.068632,20,26,5,24,10,33.26
22.028305,88.060409,12,50,0,6,7,35.11
22.117154,88.045245,8,4,4,6,10,72.3
22.11857,88.102244,0,21,2,11,5,43.41
22.107477,88.060013,4,47,3,16,8,35.98
22.074356,88.064476,11,17,1,6,11,45.98
22.107219,88.058484,9,53,5,26,2,79.77
22.067062,88.012296,20,17,2,8,5,54.02
22.072784,88.03584,18,24,5,11,1,48.59
22.033896,88.098633,3,53,1,17,7,42.89
22.07861,88.006501,14,14,4,13,10,26.57
22.068512,88.046811,10,58,2,12,1,38.2
22.02762,88.057808,2,2,6,28,7,42.73
22.065164,88.122109,15,15,3,13,5,31.03
22.064308,88.092858,12,35,5,4,10,36.06
22.120627,88.053085,2,35,0,21,3,52.38
22.093526,88.108935,11,54,4,20,2,53.33
22.067043,88.047585,17,57,0,7,2,42.0
22.074164,88.100073,7,40,2,24,5,72.05
22.068026,88.029034,8,39,1,11,6,60.82
22.060613,88.101998,2,19,0,5,12,43.3
22.034227,88.057616,4,48,4,5,6,46.15
22.062168,88.038945,23,38,1,21,3,22.85
22.044317,88.063286,14,1,3,7,9,42.23
22.029191,88.07812,4,49,5,14,1,34.79
22.082037,88.054958,11,21,1,21,5,54.08
22.078438,88.086419,4,28,4,24,8,49.13
22.013099,88.05231,10,29,2,14,4,30.97
22.063019,88.088411,3,49,2,26,8,47.7
22.096571,88.083067,14,16,4,9,6,40.68
22.098477,88.067972,13,23,4,25,12,31.46
22.097475,88.056559,15,2,4,8,4,28.48
22.067867,88.074346,10,20,1,2,11,38.85
22.041349,88.086308,6,5,4,21,8,32.63
22.034189,88.131654,5,34,1,22,9,47.05
22.077038,88.097983,5,53,1,26,3,34.53
22.078078,88.09908,10,27,6,26,1,36.15
22.10532,88.162455,10,54,0,3,9,56.53
22.099699,88.085279,16,58,2,18,6,32.68
22.062733,88.084339,1,3,3,20,4,35.83
22.029374,88.09092,6,30,1,17,11,42.25
22.057127,88.039531,20,31,5,1,4,35.37
22.073217,88.056483,21,23,3,2,6,27.32
22.060638,88.054615,22,49,5,19,9,22.01
22.049363,88.089228,7,23,2,24,12,63.41
22.074287,88.064575,3,3,6,6,11,38.28
22.051581,88.073947,4,32,5,2,8,38.13
22.047858,88.102424,3,12,2,12,2,42.24
22.076044,88.095695,22,21,6,9,2,44.92
22.05464,88.064948,21,30,6,28,9,18.96
22.074023,88.0497,19,43,4,26,7,47.05
22.074896,88.103858,17,16,0,16,2,52.11
22.032517,88.093017,8,22,4,27,9,60.32
22.052263,88.021612,11,4,4,7,12,35.36
22.109833,88.060405,20,23,2,28,1,50.68
22.031838,88.074765,19,34,1,13,10,42.73
22.0032,88.093165,12,37,3,14,5,34.18
22.010845,88.097103,20,17,5,2,5,34.75
22.067573,88.078317,8,3,2,5,9,57.44
22.067628,88.087357,9,34,3,6,3,65.87
22.063172,88.071724,20,39,0,14,2,57.24
22.103126,88.049584,9,5,4,6,12,70.6
21.986515,88.061962,18,30,6,3,5,44.44
22.078578,88.07037,10,5,5,17,3,40.74
22.113543,88.06876,7,27,3,25,9,78.83
22.032867,88.013233,5,38,0,2,3,47.56
22.055306,88.057875,14,43,3,16,10,34.64
22.044113,88.071486,11,42,6,27,1,29.5
22.03987,88.061359,8,45,0,12,7,64.43
22.056912,88.062395,17,14,1,6,5,59.16
22.109525,88.08444,0,50,5,3,12,35.77
22.121822,88.037431,2,20,3,27,7,38.52
22.056622,88.020959,23,22,1,12,12,29.94
22.123852,88.059355,15,47,0,3,3,27.92
22.067767,88.092723,13,19,2,25,6,46.8
22.119311,88.120427,0,4,4,23,10,49.78
22.063901,88.093264,14,42,5,20,2,32.92
22.070632,88.025752,10,39,6,3,12,33.59
22.077664,88.062829,14,34,3,3,10,28.13
22.162066,88.077499,0,8,2,7,9,48.43
22.092239,88.075128,13,37,6,5,3,34.82
22.045482,88.085979,13,11,5,15,10,53.68
22.09577,88.042289,6,33,1,11,11,46.55
22.055845,88.071748,1,30,4,22,4,32.33
22.052007,88.08241,23,46,5,3,8,16.39
22.093958,88.09457,17,58,1,21,1,65.47
22.067633,88.045628,14,11,6,27,5,27.0
22.075057,88.059445,18,6,2,4,2,44.32
22.06712,87.988685,16,33,3,19,7,19.82
22.076797,88.051156,3,57,3,15,7,45.78
22.079449,88.054068,10,9,4,3,7,44.24
22.008591,88.039212,21,29,6,9,9,11.73
22.086697,88.074768,6,24,2,23,12,49.06
22.037239,88.068122,23,19,2,25,3,30.32
22.023431,88.002024,1,39,5,11,3,21.3
22.064948,88.076265,7,17,6,3,3,67.13
22.069219,88.04195,8,29,6,7,12,67.56
22.045895,88.084371,14,50,5,24,2,31.5
22.091631,88.031344,4,22,4,16,1,36.7
22.026435,88.0707,5,1,5,13,2,32.92
22.054492,88.061305,15,53,6,1,10,24.81
22.049154,88.078893,6,16,0,22,7,31.39
22.065302,88.073541,21,46,4,14,12,15.71
22.075066,88.062145,20,45,0,16,3,57.93
22.036463,88.023712,7,31,4,24,5,71.6
22.088428,88.025484,13,5,2,16,7,29.29
22.06859,88.052283,7,57,2,26,1,68.66
22.009942,88.069552,8,40,6,16,12,53.03
22.007942,88.051553,16,25,4,10,10,15.46
22.06633,88.088556,7,51,3,26,2,73.82
22.060071,88.061423,3,47,6,18,11,25.3
22.063597,88.04085,6,45,0,22,6,33.69
22.065861,88.061457,22,10,4,7,5,26.87
22.073467,88.076576,6,37,1,19,12,45.54
22.095129,88.079547,8,17,1,16,7,65.26
22.033367,88.126151,15,4,1,3,3,35.66
22.031541,88.049733,2,20,3,8,10,30.65
22.0339,88.067596,6,6,4,26,9,37.87
22.075368,88.082584,4,6,5,16,3,42.09
22.104048,88.069097,22,43,3,22,9,33.5
22.05376,88.054781,22,30,6,5,8,26.66
21.991649,88.023322,18,23,2,7,4,29.35
22.01558,88.054475,5,11,1,27,6,27.06
22.041709,88.037589,14,46,0,12,11,29.29
22.049968,88.018002,15,38,0,25,3,20.64
22.054448,88.04593,20,35,3,23,9,38.56
22.067857,88.038387,3,11,2,10,10,29.04
22.057348,88.087314,17,7,5,27,12,46.42
22.09818,88.087833,4,7,0,22,4,44.12
22.046419,88.042684,13,1,1,4,4,24.83
22.04083,88.061993,21,58,6,3,12,24.72
22.081066,88.014053,1,22,0,4,6,28.76
22.020631,88.05497,3,39,2,21,7,42.96
22.078391,88.081769,19,58,1,5,7,53.26
22.069777,88.094548,0,56,3,8,7,40.15
22.062277,88.048409,16,19,6,13,8,15.98
22.114348,88.101356,12,29,1,4,6,33.6
22.048034,88.024329,8,27,2,10,5,53.46
22.128509,88.032371,20,2,3,19,5,53.76
22.059937,88.09109,20,46,5,28,8,49.42
22.02839,88.119934,7,34,6,14,10,52.05
22.068798,88.084603,0,22,0,21,7,36.5
22.034413,88.06859,3,33,3,15,9,30.21
22.044147,88.003944,2,44,5,14,5,25.69
22.078611,88.009127,23,0,0,15,10,27.03
22.083367,88.073682,14,38,5,27,5,39.63
22.048035,88.059058,16,51,1,2,6,30.39
22.096322,88.036625,5,43,3,15,1,47.78
22.101425,88.071766,20,37,6,2,4,55.75
22.109789,88.073254,17,5,4,25,9,53.44
22.082582,88.098132,18,44,6,17,2,68.78
22.107603,88.073898,11,45,4,2,3,34.42
22.010276,88.106652,16,29,1,18,10,19.93
22.057163,88.07004,13,34,4,13,11,45.6
22.04069,88.06634,9,37,4,2,5,68.84
22.070277,88.101729,14,7,2,28,5,45.35
22.049557,88.040447,7,15,0,11,7,69.1
22.061715,88.154233,22,47,4,1,10,24.1
22.123165,88.081058,17,58,4,18,6,69.48
22.061608,88.081225,17,16,5,11,3,43.56
22.079114,88.085553,17,24,0,19,6,62.28
22.059732,88.126114,10,54,3,5,4,31.12
22.068971,88.093575,22,9,5,24,9,28.68
22.066881,88.021648,4,15,6,12,2,28.44
22.08015,88.111904,13,3,6,12,8,44.66
22.101659,88.059573,1,14,1,23,2,42.88
22.116122,88.073015,7,38,1,16,12,78.51
22.075989,88.031422,13,20,4,1,8,29.89
22.084386,88.085586,11,59,3,17,2,41.05
22.032174,88.050259,22,53,1,19,12,22.45
22.064064,88.072805,14,53,0,9,7,41.48
22.094909,88.061277,9,43,1,6,8,76.44
22.092679,88.12755,10,42,2,2,1,50.52
22.073048,88.129268,14,30,5,24,3,30.37
22.093292,88.071195,18,59,0,1,10,54.1
22.081423,88.071719,6,5,0,17,6,65.26
22.102709,88.058597,14,43,1,24,8,52.61
22.075381,88.10298,13,8,6,10,12,18.28
22.056029,88.059932,0,20,6,6,6,27.08
22.076775,88.05716,21,15,3,21,5,34.27
21.978782,88.099158,13,36,0,18,10,31.81
22.078187,88.053651,5,47,0,1,1,41.04
21.957248,88.068667,15,4,6,17,6,6.8
22.014996,88.022361,16,36,3,1,11,18.78
22.080253,88.090926,21,13,0,12,3,23.84
22.081026,88.128026,0,4,5,9,4,45.44
22.031827,88.091437,9,25,3,24,6,64.87
22.045337,88.113654,4,34,2,28,1,39.38
22.107816,88.044417,13,12,3,20,1,50.42
22.052179,88.07689,12,23,1,21,4,31.22
22.133988,88.041505,11,57,6,1,11,32.66
22.066642,88.062967,23,20,5,2,3,21.65
22.078941,88.092966,12,59,1,22,9,62.02
22.115206,88.072855,9,50,5,12,6,62.43
22.070631,88.027421,1,22,1,15,10,18.31
22.03663,88.030349,6,34,3,20,4,32.98
22.063408,88.028365,21,42,5,10,11,20.16
22.065632,88.084544,10,27,0,20,5,46.98
22.025758,88.131717,21,24,5,21,10,39.76
22.059025,88.110674,12,19,1,7,10,56.42
22.044434,88.01292,13,8,4,20,6,32.8
22.094431,88.112432,10,1,3,5,9,41.78
22.067738,88.097892,13,20,0,9,2,54.99
22.058216,88.023441,1,47,5,22,6,22.89
22.063515,88.060704,1,14,1,28,5,31.6
22.073394,88.102666,11,10,6,2,12,33.09
22.085204,88.086313,14,19,5,19,12,27.27
22.036709,88.030527,13,35,1,16,10,29.24
22.035452,88.088122,10,12,4,17,12,36.63
22.09984,88.005675,7,13,2,23,12,71.7
22.05433,88.063115,17,6,4,2,10,45.4
22.024195,88.103939,14,19,3,21,8,27.78
22.080014,88.070352,1,13,2,8,3,28.02
22.080601,88.054832,10,49,4,5,10,41.49
22.020779,88.09648,17,54,1,13,3,48.27
22.073584,88.099043,18,22,6,1,3,44.16
22.088767,88.109101,6,5,6,18,11,42.7
22.077932,88.09603,22,5,1,16,2,36.95
22.085659,88.102241,15,19,5,15,2,37.51
22.024572,88.091787,10,27,6,1,7,25.9
22.076631,88.077766,15,31,0,22,8,30.62
22.057621,88.072485,20,18,5,1,1,51.25
22.052216,88.062682,5,21,6,8,5,30.71
22.092817,88.033429,3,17,1,12,3,41.09
22.111078,88.041141,10,31,4,20,4,41.91
22.120531,88.06134,2,41,5,12,3,30.35
22.106144,88.077044,20,2,2,23,9,58.05
22.063408,88.113024,23,28,1,27,6,36.99
22.077282,88.068546,14,38,2,22,12,43.02
22.089705,88.099904,23,40,2,2,1,30.18
22.070335,88.102179,1,33,5,22,10,35.66
22.070623,88.062857,15,31,2,6,11,37.31
22.091413,88.087641,10,40,2,25,6,59.47
22.064922,88.062494,6,22,6,28,9,46.94
22.044821,88.109464,7,34,4,3,6,63.16
22.054266,88.088875,13,19,6,3,8,38.18
22.085717,88.034085,15,26,4,20,11,22.9
22.06679,88.074646,3,7,6,5,7,38.6
22.076906,88.119243,14,21,1,28,7,39.26
22.086802,88.064363,22,8,6,16,12,13.82
22.055455,88.083231,0,13,6,17,6,26.72
22.089387,88.086176,21,25,0,25,3,37.51
22.078065,88.038701,14,30,2,7,9,37.96
22.029656,88.085121,8,56,2,16,9,68.72
22.109969,88.027985,17,1,2,28,3,52.45
22.051678,88.051031,14,53,5,1,9,30.96
22.017047,88.102072,18,19,4,5,1,51.3
22.035349,88.080503,1,43,1,5,4,33.08
22.036069,88.060666,1,40,4,10,11,33.49
22.068265,88.083194,15,58,6,4,8,35.79
22.058484,88.067997,7,6,3,5,8,69.47
22.056595,88.070177,5,58,6,24,8,37.79
22.085291,88.089505,10,3,4,14,2,45.12
22.076896,88.047979,17,52,6,11,12,41.64
22.076181,88.07101,4,39,6,12,4,35.88
22.078995,88.060432,23,28,0,28,10,34.32
22.085184,88.022232,10,23,5,14,12,27.45
22.003461,88.042186,3,5,1,14,3,30.43
22.055767,88.116846,1,48,5,26,8,29.92
22.001294,88.081342,20,43,5,2,1,39.52
22.067782,88.030092,2,56,1,14,8,39.85
22.066561,88.023589,10,43,0,21,6,33.42
22.098066,88.066435,16,57,2,15,1,15.67
22.102329,88.116636,12,53,2,25,9,56.56
22.072783,88.064197,6,25,3,25,12,45.95
22.051689,88.10901,2,42,0,10,1,35.56
22.081255,88.080358,17,15,0,23,11,58.66
22.050862,88.083938,11,47,3,7,11,27.45
22.066658,88.029728,1,36,5,7,7,34.49
22.096284,88.097926,4,26,2,28,11,49.9
22.049967,88.059752,13,37,2,1,4,21.42
22.09087,88.095693,4,16,1,10,9,50.66
22.087022,88.045375,9,37,1,18,9,63.98
22.038056,88.075111,2,28,2,12,7,33.25
22.095917,88.08036,19,19,1,24,11,49.84
22.087657,88.065179,15,58,2,8,11,29.04
22.069758,88.081936,18,3,1,16,10,48.31
22.04383,88.061808,1,45,4,4,8,20.97
22.040924,88.050328,9,12,2,6,12,70.74
22.05057,88.117965,6,13,5,5,7,40.65
22.082978,88.101269,14,9,4,21,8,38.29
22.038031,88.046974,19,6,4,6,3,36.49
22.079825,88.086853,5,7,4,19,4,53.51
22.029447,88.04752,18,49,6,10,11,27.99
22.060578,88.034259,13,55,1,16,6,36.71
22.069989,88.100814,19,35,6,25,7,44.06
22.140054,88.018677,1,0,1,25,10,37.09
22.025381,88.097606,23,51,0,1,4,22.79
22.11086,88.062218,10,36,5,22,4,34.12
22.071195,88.063454,6,31,6,27,1,38.9
22.079035,88.082093,4,56,0,19,3,48.14
22.07025,88.087236,23,24,4,6,7,29.26
22.080042,88.04501,21,21,3,19,9,26.17
22.062089,88.091332,3,46,1,18,4,50.11
22.110322,88.073201,10,31,3,19,6,33.97
22.053006,88.032118,17,43,4,13,3,44.51
22.100667,88.064704,14,41,4,15,10,34.86
22.047369,88.111238,4,50,3,19,7,38.53
22.064892,88.120098,8,19,6,13,2,69.8
22.034541,88.09132,8,4,1,22,8,63.35
22.080351,88.03409,6,28,4,20,5,34.19
22.110054,88.084518,23,38,2,9,11,48.5
22.064379,88.095326,4,49,6,18,4,46.63
22.060793,88.091571,16,16,1,22,11,14.5
22.033261,88.093349,21,44,6,14,9,10.19
22.059821,88.080698,19,49,4,21,2,54.87
22.018916,88.067628,19,48,1,4,10,42.37
22.039314,88.051549,3,48,5,11,9,41.28
22.073504,88.012862,3,59,1,20,6,40.94
22.10627,88.079989,18,39,1,26,2,57.97
22.150976,88.075382,17,22,2,19,6,53.91
22.049102,88.086527,17,26,4,19,8,53.51
22.109759,88.029674,10,44,2,10,2,31.82
22.074013,88.089151,12,14,3,20,5,55.14
22.062163,88.131436,0,36,3,10,9,44.19
22.079678,88.072154,6,34,1,2,7,41.04
22.068557,88.06795,12,39,1,7,12,48.65
22.070012,88.07907,3,25,2,18,3,59.18
22.05445,88.13077,3,44,1,27,10,45.78
22.024757,88.039091,1,4,6,14,6,27.03
22.020391,88.075896,5,44,2,25,3,36.75
22.086297,88.04581,23,48,2,22,12,32.72
22.058399,88.05339,16,53,4,16,8,12.99
22.048817,88.068312,22,55,5,23,7,21.69
22.066955,88.11022,6,20,4,12,4,49.78
22.090548,88.12383,14,2,3,13,11,59.4
22.072111,88.083244,21,39,6,21,1,11.49
22.047018,88.058502,8,5,6,18,2,57.09
22.103489,88.144582,15,16,1,15,3,49.59
22.114076,88.056973,16,42,1,13,8,28.92
22.081537,88.052666,19,35,2,28,2,49.04
22.09591,88.016552,23,36,5,2,10,18.23
22.103959,88.111683,14,45,6,2,3,34.55
22.100603,88.098847,13,9,4,14,9,34.89
22.085123,88.142334,20,47,4,1,10,57.12
22.08465,88.028114,16,35,1,10,11,16.98
22.08229,88.113545,8,25,4,16,4,76.17
22.03378,88.071904,15,27,1,12,1,18.7
22.087722,88.093983,13,30,3,6,10,42.24
22.026026,88.020367,5,33,1,8,6,31.18
22.042862,88.113842,12,20,0,17,12,44.65
22.105807,88.093396,14,13,6,27,3,35.59
22.091907,88.068633,21,10,6,22,7,17.39
22.111322,88.089153,13,20,4,16,2,48.5
22.05855,88.046835,3,15,4,4,6,46.04
22.032133,88.052417,23,30,1,7,1,27.25
22.059487,88.055897,13,54,4,13,10,33.75
22.069761,88.014218,6,6,5,7,8,32.39
22.06907,88.095653,18,18,3,20,2,38.77
22.10071,88.105548,9,2,1,11,6,74.11
22.055862,88.04876,8,58,2,24,6,62.24
22.077261,88.080246,20,42,5,8,9,41.22
22.037041,88.061834,20,14,1,14,6,41.64
22.08021,88.079648,12,24,6,21,6,36.83
22.066793,88.050973,8,43,5,6,10,67.55
22.044206,88.043297,20,57,6,22,7,47.37
22.059625,88.101362,4,34,3,17,10,39.79
22.061175,88.067884,17,16,1,19,11,45.84
22.058595,88.130463,14,41,0,13,11,40.25
22.11984,88.071189,20,41,3,27,12,63.54
22.063747,88.042018,10,38,2,22,9,37.61
22.059383,88.106608,19,2,0,6,7,54.16
22.003776,88.088724,0,42,6,16,7,27.28
22.039874,88.091606,18,1,6,26,3,39.0
22.058808,88.105518,1,54,2,8,10,50.12
22.046124,88.050216,15,52,4,16,9,23.29
22.108151,88.065982,4,33,2,22,11,42.22
22.061752,88.064657,23,38,3,8,9,29.64
22.105353,88.031078,18,4,4,15,6,59.0
22.068551,88.061892,2,52,2,16,4,36.38
22.067817,88.109891,21,16,5,5,12,33.12
22.064036,88.07692,6,15,1,5,9,41.09
22.066814,88.029418,13,42,4,16,11,30.62
22.118264,88.023125,2,56,6,6,8,39.67
21.997112,88.119743,2,29,5,27,7,25.03
22.006654,88.06709,5,30,0,15,1,42.91
22.050405,88.050378,12,32,0,20,1,41.37
22.067136,88.06158,13,17,4,12,9,33.44
22.087403,88.025481,20,35,6,9,3,42.45
22.080893,88.112493,3,57,5,14,1,38.63
22.055173,88.058008,17,22,6,20,10,44.1
22.097271,88.110822,0,46,1,12,8,56.4
22.097606,88.07135,6,46,3,8,2,46.28
22.072222,88.112686,4,51,5,5,6,46.78
22.09558,88.077501,2,43,4,16,6,44.48
22.074879,88.095397,14,55,5,20,1,35.97
22.049856,88.091373,21,42,1,15,8,27.12
22.087635,88.088499,16,58,3,8,5,24.91
22.070018,88.080238,20,42,3,7,11,55.23
22.06674,88.062814,14,50,6,11,2,29.22
22.110889,88.127263,1,53,1,10,11,42.88
21.993174,88.042592,8,59,2,6,1,63.94
22.024169,88.069929,19,35,0,27,10,45.94
22.031088,88.070247,1,42,1,10,10,31.77
22.055802,88.081873,2,58,6,8,5,43.4
22.059062,88.056916,20,22,5,17,4,30.15
22.02148,88.079242,1,7,1,23,2,42.11
22.037145,88.064735,23,53,4,14,5,22.15
22.040875,88.022341,18,37,4,19,9,43.16
22.140423,88.070087,15,25,6,3,9,26.69
22.120752,88.036783,12,43,2,15,3,39.39
22.054348,88.017768,2,1,6,2,1,35.99
22.055793,88.073906,9,28,2,4,7,79.21
22.032224,88.084437,19,15,5,17,7,40.27
22.009456,88.085601,21,17,2,6,12,25.15
22.063194,88.086815,10,58,4,2,10,41.85
22.036764,88.011822,20,33,2,6,7,53.48
22.064154,88.028969,18,8,5,22,8,24.41
22.018694,88.129006,1,21,4,17,8,40.98
22.043841,88.038384,14,14,2,11,6,26.71
22.071159,88.088125,14,54,6,28,9,18.06
22.077686,88.049192,13,17,4,11,3,36.94
22.079224,88.07219,18,21,3,25,10,64.7
22.027085,88.050802,21,20,0,10,11,16.49
22.092341,88.086646,13,10,6,1,6,44.88
22.042694,88.073903,7,46,5,4,6,69.62
22.085686,88.056351,23,34,4,8,6,33.12
22.066381,88.038295,23,26,5,6,10,23.75
22.025408,88.077833,16,23,4,5,3,10.25
22.057214,88.033418,15,40,1,11,5,17.78
22.077661,88.082624,2,5,1,28,8,49.08
22.085089,88.148595,9,55,0,6,9,78.37
22.06247,88.110305,4,33,0,7,4,50.18
22.112653,88.09135,12,13,5,28,2,45.82
22.096925,88.067232,19,32,5,6,7,63.03
22.059,88.011637,5,51,1,24,8,34.32
22.089204,88.030131,23,10,4,18,10,41.99
22.124714,88.108284,3,31,0,26,1,54.2
22.125515,88.046107,2,35,2,16,1,56.31
22.02986,88.048822,23,48,5,17,5,11.11
22.038904,88.06483,2,34,5,7,7,31.41
22.111248,88.037939,17,44,6,17,1,43.43
22.034952,88.032997,18,46,2,19,3,43.12
22.027024,88.068286,7,53,6,28,6,67.29
22.052114,88.043054,1,21,5,3,4,29.55
22.079307,88.047569,7,42,2,5,9,77.27
22.063628,88.046364,1,14,2,1,1,29.95
22.047183,88.085471,16,50,0,23,11,19.96
22.046474,88.062836,21,57,6,3,3,18.85
22.04533,88.064443,23,17,1,26,6,28.99
22.040315,88.087708,19,33,1,11,12,47.84
22.135149,88.065539,18,49,2,9,8,51.03
22.075625,88.061452,21,1,0,28,12,36.47
22.093303,88.083914,18,42,5,21,1,46.2
22.052028,88.089846,15,49,4,16,9,38.36
22.061121,88.065388,23,52,1,25,1,31.35
22.045293,88.072218,7,11,1,22,8,71.9
21.987149,88.046346,9,45,0,18,4,58.85
22.02536,88.04398,21,47,6,10,10,8.36
22.012381,88.092874,7,0,3,28,2,68.25
21.999206,88.083148,7,42,4,21,11,76.53
22.030839,88.083459,3,37,1,27,6,41.03
22.106449,88.078226,6,58,1,28,7,57.01
22.065367,88.071186,14,2,3,16,7,42.85
22.105417,88.090692,21,57,1,11,1,37.02
22.079029,88.097853,3,34,4,27,4,47.94
22.090177,88.097137,16,16,6,28,9,30.0
22.039673,88.066777,18,23,2,4,12,51.77
22.082419,88.11141,21,45,4,18,12,24.93
22.088561,88.076654,18,59,6,17,7,49.11
22.049401,88.088771,3,19,6,21,4,34.79
22.083486,88.078263,11,59,0,28,6,37.79
22.083686,88.07721,22,37,0,8,6,41.93
22.050213,88.047727,21,11,6,28,5,12.39
22.033017,88.090841,14,35,6,19,5,20.51
22.031176,88.155159,23,48,2,3,11,43.11
22.069295,88.058556,16,3,3,15,5,15.47
22.07651,88.07193,1,4,4,4,1,25.5
22.042924,88.056414,21,0,4,27,9,29.96
22.067498,88.055159,4,34,5,22,8,37.26
22.083816,88.116133,9,3,2,26,5,77.53
22.085246,88.049611,5,55,6,17,8,35.57
22.113256,88.055578,17,7,0,12,12,44.67
22.105009,88.022175,0,4,0,12,12,26.06
22.036661,88.047072,15,15,6,27,10,13.92
22.117208,88.018548,20,45,1,5,8,42.86
22.050771,88.088754,18,54,6,25,1,46.32
22.098046,88.153791,7,15,2,12,7,79.42
22.06874,88.0588,21,31,2,17,10,28.26
22.054336,88.019797,8,46,0,19,11,62.76
22.012469,88.0968,16,47,6,3,10,19.51
22.061553,88.047992,12,9,2,5,12,43.48
22.019919,88.10878,1,50,1,5,7,33.85
22.095719,88.061339,0,52,3,22,2,38.84
22.112204,88.050846,4,44,1,3,6,48.69
22.042793,88.064461,22,31,5,18,4,3.54
22.075759,88.092533,22,23,0,4,11,38.11
22.044938,88.062977,9,53,3,22,10,64.76
22.047845,88.054898,23,51,2,28,6,32.46
22.089935,88.063835,1,31,0,12,5,30.71
22.065544,88.031644,23,44,0,6,2,25.87
22.118889,88.081711,5,23,3,13,1,44.59
22.052233,88.016198,0,44,2,20,4,32.58
22.09668,88.056476,18,5,0,21,3,42.3
22.069622,88.092582,9,54,0,18,4,63.43
22.090573,88.078891,7,30,5,17,12,71.26
22.053285,88.08751,18,35,5,18,9,39.93
22.065213,88.067849,7,11,4,7,7,62.77
22.063235,88.104892,18,31,5,6,3,53.79
22.041618,88.097541,4,0,0,27,11,50.34
22.086562,88.083184,2,53,4,17,8,48.91
22.086207,88.097626,7,44,5,25,7,75.0
22.084507,88.092313,14,27,1,18,6,40.99
22.112809,88.056616,5,50,3,13,7,47.31
22.11018,88.029483,3,48,5,16,11,32.32
22.055452,88.082411,17,7,4,20,9,51.55
22.077892,88.086183,11,3,1,6,6,37.04
22.047992,88.102514,10,15,4,13,9,38.32
22.067401,88.04171,5,0,5,21,12,39.85
22.048708,88.042607,0,34,0,3,4,38.14
22.115302,88.083597,1,31,3,3,11,47.73
22.077611,88.067665,16,32,3,5,8,39.97
22.060159,88.013227,1,4,2,17,3,25.64
22.102509,88.081053,5,55,0,7,12,37.33
22.001582,88.014227,21,58,0,13,9,19.0
22.006277,88.041442,8,35,5,4,5,46.89
22.090575,88.11035,17,0,5,8,3,49.75
22.068514,88.124546,8,23,2,1,11,62.51
22.074213,88.03333,22,43,6,23,10,14.6
22.026908,88.059918,19,44,6,14,1,27.96
22.066003,88.071079,11,14,4,5,8,34.61
22.126805,88.123237,16,49,4,15,2,36.67
22.091426,88.055014,9,58,6,27,4,63.04
22.071791,88.055493,22,30,4,24,7,37.72
22.053528,88.116262,8,22,6,25,3,70.93
22.054863,88.058556,20,31,6,12,7,31.33
22.002824,88.091466,14,1,1,11,6,36.97
22.074429,88.025486,15,31,4,9,7,24.76
22.092064,88.064663,8,1,5,9,10,64.45
22.019431,88.020012,19,2,5,26,2,33.03
22.046857,88.038137,17,33,2,4,10,45.91
22.031976,88.094976,19,30,6,24,3,38.1
22.037739,88.068303,19,59,3,26,1,45.42
22.068304,88.060227,3,30,2,24,6,49.5
22.004168,88.047338,21,58,1,18,4,13.03
22.085128,88.06318,20,48,2,24,3,45.61
22.089316,88.078833,5,20,6,1,6,41.93
22.059167,88.099287,23,55,5,23,11,20.84
21.992279,87.991046,12,28,5,15,8,7.35
22.036807,88.044847,7,35,6,27,9,54.92
22.103687,88.074573,5,6,1,3,2,59.76
21.98336,88.066834,8,12,4,27,1,58.06
22.056274,88.081901,0,31,2,17,5,36.33
22.0313,88.077826,16,16,5,3,10,2.06
22.090837,88.060654,16,35,2,15,11,31.3
22.046447,88.053994,16,4,5,2,2,16.82
22.078819,88.062435,13,15,5,3,6,30.4
22.083664,88.104262,8,39,5,15,5,69.75
22.121787,88.04784,17,36,6,23,9,49.73
22.060612,88.067916,20,59,5,4,3,36.99
22.077981,88.0753,2,53,2,8,6,44.28
22.022148,88.116611,9,48,3,11,11,75.25
22.102412,88.060791,23,0,3,16,6,34.11
22.043885,88.098564,20,36,0,1,10,45.69
22.049877,88.106759,23,13,4,18,8,33.22
22.066033,88.067887,4,16,3,14,8,49.35
22.019813,88.063478,11,12,2,27,4,22.68
22.073563,88.059928,3,27,0,9,12,45.86
22.095724,88.062125,20,7,3,14,3,49.23
22.075488,88.095427,12,31,4,3,12,48.57
22.019033,88.07673,5,9,0,26,12,35.75
22.062986,88.076859,2,30,4,24,7,36.36
22.088961,88.036043,17,37,1,10,11,59.96
22.01036,88.040775,19,10,1,13,9,30.52
22.034457,88.134103,21,6,2,25,9,34.53
22.092996,88.064465,23,48,2,9,1,47.1
22.074803,88.046557,19,44,6,7,2,47.55
22.079059,88.112733,18,15,0,7,1,46.89
22.122485,88.078254,19,53,2,20,1,48.99
22.080757,88.087145,23,13,5,6,11,24.75
22.086437,88.065659,11,55,1,3,3,40.61
22.148022,88.06024,18,6,6,5,1,54.29
22.060286,88.064712,19,39,5,28,12,34.11
22.042764,88.028318,2,1,6,25,4,20.46
22.079534,88.067162,16,11,6,27,10,15.91
22.07987,88.078681,8,24,0,8,12,69.95
22.050899,88.125314,3,5,3,13,7,60.17
22.035728,88.07238,4,27,5,14,12,27.7
22.135995,87.999775,2,13,0,15,12,33.77
22.076505,88.06698,21,5,3,1,2,20.86
22.044731,88.151985,18,57,4,17,2,60.85
22.094178,88.095791,2,58,5,2,5,39.87
22.063426,88.045473,15,57,2,8,7,18.59
22.059114,88.087533,15,9,6,9,10,20.43
22.083568,88.04754,12,22,4,19,3,37.03
22.027944,88.029186,14,19,0,26,3,30.95
22.077279,88.059349,21,19,1,20,4,46.84
22.124089,88.072546,12,24,6,13,4,48.04
22.080685,88.013635,15,30,0,15,12,22.78
22.055414,88.035325,13,29,0,15,5,30.61
22.051487,88.07011,9,17,2,5,11,55.88
22.05439,88.057555,21,58,6,27,1,24.24
22.059081,88.081644,9,58,4,26,2,72.22
22.055366,88.03336,19,19,1,7,10,41.71
22.094189,88.091223,14,13,2,4,3,52.15
22.014704,88.034287,16,31,6,5,1,10.34
22.09256,88.119082,18,22,1,18,8,63.95
22.055309,88.018327,17,59,4,1,2,45.39
22.078008,88.037023,13,25,3,3,1,36.92
22.03289,88.082321,14,2,5,19,5,22.64
22.106559,88.119727,12,7,5,5,7,46.26
22.104069,88.079251,8,4,5,2,7,74.08
22.095488,88.086686,17,22,0,1,8,52.1
22.021257,88.070326,21,18,3,20,1,25.61
22.091574,88.039008,16,51,4,11,4,18.36
22.078846,88.055096,18,53,2,8,5,55.3
22.018542,88.033443,19,8,4,18,4,42.75
22.065971,88.031439,8,56,4,5,7,55.94
22.077636,88.081852,1,35,2,15,3,38.66
22.083382,88.036105,8,18,0,14,8,73.48
22.072018,88.079387,18,24,6,19,12,36.88
22.075437,88.030745,19,26,5,18,8,33.6
22.110908,88.078691,12,10,6,19,5,42.8
22.103481,88.05514,18,52,2,6,6,67.73
21.980688,88.111998,1,0,2,4,8,27.2
22.057177,88.079512,15,4,2,15,9,31.32
22.06176,88.106873,16,16,0,2,4,31.65
22.014137,88.047131,12,8,1,13,1,30.07
22.069525,88.071484,17,3,2,18,9,51.99
22.104163,88.040367,11,23,6,23,8,29.71
22.034103,88.057392,12,22,1,19,2,35.22
22.076792,88.061937,14,7,3,28,8,26.72
22.039225,88.048024,19,48,3,16,1,44.48
22.046543,88.033335,5,52,2,13,8,44.52
22.111022,88.027394,7,43,6,7,9,64.72
22.050423,87.999608,10,31,0,19,1,37.96
22.080566,88.03811,4,56,6,23,9,39.9
22.010563,88.088625,8,21,5,9,2,57.58
22.12257,88.021845,8,25,2,3,4,65.69
22.08478,88.028756,7,0,5,1,9,57.91
22.061225,88.123527,9,42,3,18,5,62.03
22.083966,88.050705,12,5,6,19,12,35.1
22.024405,88.079431,16,39,0,4,12,23.35
22.102176,88.08907,7,46,0,1,12,88.04
22.05698,88.089676,20,13,3,19,2,56.06
22.060578,88.024131,11,36,6,12,3,19.78
22.05195,88.062868,17,18,0,12,3,37.73
22.04928,88.021253,2,23,5,8,8,25.12
22.08754,88.14319,4,31,6,21,6,53.92
22.074377,88.021954,10,14,3,21,9,34.11
22.086252,88.038365,8,47,6,2,4,65.34
22.066436,88.038582,11,23,5,3,3,26.85
22.082096,88.0249,3,27,1,16,8,44.0
22.054135,88.110378,11,48,5,17,8,23.36
22.133592,88.142473,16,13,4,5,9,53.59
22.019662,88.055528,17,27,0,5,4,35.34
22.104528,88.030187,5,59,3,20,7,50.4
22.107737,88.002692,8,23,4,13,12,64.3
22.041135,88.062477,12,6,5,4,8,32.32
22.133578,88.060309,12,17,5,18,12,42.29
22.096565,88.050261,19,57,3,3,6,53.56
22.095834,88.076441,9,45,2,7,1,74.5
22.067541,88.081655,16,48,1,20,10,35.15
22.060183,88.079492,21,15,0,7,6,38.07
22.060418,88.060316,7,50,4,2,1,70.18
22.078416,88.036751,19,23,6,27,2,54.11
22.108736,88.089775,7,47,0,7,4,77.55
22.072139,88.070175,8,52,4,15,3,76.9
22.039357,88.096451,15,12,4,24,9,30.58
22.091433,88.093502,14,56,1,28,8,39.73
22.094335,88.027147,13,37,1,23,4,40.3
22.08634,88.026773,5,43,1,10,2,45.81
22.089065,88.047134,2,45,4,24,1,39.97
22.058572,88.038112,21,10,2,1,12,26.36
22.03883,88.092458,20,44,5,10,5,50.55
22.040654,88.080339,21,12,2,6,2,25.8
22.017636,88.102776,12,16,0,15,9,20.13
22.073808,88.081695,21,6,0,25,11,41.84
22.064197,88.076059,11,10,2,22,2,35.89
22.0535,88.105792,1,58,2,28,12,34.2
21.978031,88.083892,4,19,5,4,9,20.7
22.02928,88.071843,6,23,3,22,4,38.38
22.100325,88.114214,9,28,1,21,10,72.05
22.046761,88.073255,22,42,1,13,6,22.83
22.077518,88.06067,7,34,3,3,8,65.18
22.024979,88.044665,14,32,2,3,2,33.94
22.109861,88.090891,6,50,4,26,3,66.71
22.062379,88.106912,15,29,6,9,10,31.24
22.075401,88.068282,13,46,2,18,10,49.15
22.136473,88.109037,3,54,3,27,1,52.12
22.112193,88.0107,11,40,5,14,3,31.28
22.057503,88.068136,2,2,1,6,8,41.7
22.048903,88.068597,21,15,3,14,11,21.04
22.056934,88.04799,16,37,2,7,9,19.79
22.081997,88.141316,22,28,4,6,9,45.68
22.063543,88.067814,21,17,5,23,5,28.96
22.054843,88.057568,5,20,0,10,1,42.36
22.110715,88.070579,16,4,1,20,10,23.34
22.063274,88.009716,2,14,0,21,10,30.91
22.135688,88.047004,23,46,0,16,6,28.09
22.069422,88.099297,18,0,0,16,7,54.1
22.12026,88.050932,16,50,4,6,3,32.48
22.07742,88.044934,23,20,6,15,6,23.07
22.095589,88.109086,20,48,2,22,3,60.82
22.044962,88.110008,20,15,6,6,6,50.07
22.041087,88.08531,2,49,5,7,2,34.43
22.080491,88.056146,0,34,5,20,8,20.74
22.096357,88.062616,23,51,5,28,3,27.41
22.067908,88.045676,6,3,1,11,9,45.36
22.028108,88.039957,10,47,3,24,7,43.14
22.025892,88.038468,1,16,3,6,11,27.34
22.023886,88.051258,14,21,4,16,3,34.68
22.013671,88.038758,19,2,5,27,4,40.71
22.069985,88.022889,20,57,0,13,3,45.2
22.100451,88.076382,13,38,4,15,8,53.22
22.066298,88.076838,15,58,5,5,2,31.07
21.998888,88.120824,12,34,0,15,9,50.14
22.060977,88.04975,10,9,2,17,10,40.32
22.061816,88.078683,13,20,6,28,9,51.32
22.12958,88.079181,22,26,0,6,2,34.27
22.022986,88.062185,6,8,1,11,6,53.79
22.05498,88.09213,11,55,5,19,7,38.02
22.117876,88.093057,14,57,1,27,5,56.08
22.080199,88.079622,13,33,4,7,6,40.87
22.083599,88.062131,0,35,6,20,10,36.1
22.070138,88.059074,6,42,3,25,11,54.22
22.076598,88.028767,15,40,3,18,4,16.99
22.090028,88.045622,16,3,3,12,4,25.34
22.042415,88.05114,17,31,2,7,3,30.39
22.093042,88.036081,23,46,2,9,5,30.62
22.02551,88.082998,16,48,3,2,7,17.14
22.076551,88.105699,13,35,6,5,9,38.02
22.072062,88.042558,7,53,6,13,4,81.77
22.048211,88.078303,8,35,6,4,3,73.4
22.066019,88.038777,19,22,0,1,1,36.77
22.048024,88.060652,11,26,2,20,2,38.23
22.034549,88.04909,17,41,5,2,1,43.8
22.056092,88.087857,2,53,3,4,3,38.35
22.03358,88.049436,3,13,2,17,9,37.1
22.076384,88.10015,5,17,2,26,10,51.09
22.032197,88.062428,4,39,0,21,12,29.28
22.088059,88.050312,14,45,2,1,7,31.2
22.031256,88.032201,15,23,2,5,6,20.75
22.049711,88.077396,13,38,2,21,11,39.9
22.047962,88.096657,6,0,3,21,2,40.75
22.106454,88.078,13,17,1,11,8,40.52
22.076609,88.136965,2,57,1,27,10,47.95
22.060348,88.112694,11,34,6,25,7,41.75
22.081662,88.060574,3,52,2,21,4,42.32
22.003484,88.060259,1,13,1,21,8,40.31
22.065406,88.083891,3,17,4,22,12,38.6
22.126625,88.044659,2,58,3,5,3,45.78
22.07067,88.104789,11,59,4,20,7,39.43
22.068737,88.080648,13,52,1,27,1,45.97
22.083144,88.077494,14,19,5,7,3,29.35
22.093568,88.090409,10,48,1,1,10,58.98
22.006776,88.121485,4,27,5,11,6,24.32
22.01623,88.074929,0,50,2,8,3,41.52
22.073009,88.066409,17,51,2,27,5,51.35
22.045254,88.115062,23,26,2,13,2,38.68
22.106061,88.098827,6,18,2,19,10,62.26
22.057245,88.060171,4,58,4,28,12,47.47
22.008664,88.069956,7,27,3,23,2,57.6
22.02866,88.075661,5,25,0,21,3,44.94
21.98421,88.080654,5,39,3,28,11,49.03
22.059676,88.029102,11,56,1,20,11,26.06
22.061048,88.023525,18,7,0,7,10,59.06
22.053966,88.043178,17,59,5,21,9,42.58
22.099066,88.040858,23,25,2,10,11,30.08
22.102656,88.050485,8,1,4,10,5,64.6
22.061588,88.088841,11,18,1,19,11,37.51
22.002659,88.064732,9,27,2,9,11,45.14
22.085218,88.075692,1,40,2,1,3,37.55
22.083361,88.033071,9,33,0,28,1,63.19
22.075982,88.055951,6,8,6,16,7,31.07
22.096144,88.087418,11,29,2,19,10,48.29
22.031755,88.087649,3,13,4,23,11,38.31
22.126963,88.048063,17,16,3,18,2,50.73
22.037917,88.07465,20,42,3,18,5,46.14
22.089177,88.135765,23,48,4,23,10,44.85
22.01608,88.069272,2,9,3,9,1,34.38
22.038792,88.049004,2,36,0,24,9,29.46
22.112191,88.064587,23,25,4,21,4,38.18
22.058873,88.072565,20,20,0,6,1,50.35
22.091898,88.065265,14,42,3,5,3,32.55
22.073809,88.068859,7,14,2,25,9,68.39
22.063551,88.026497,12,45,3,26,11,41.91
22.107616,88.040921,12,24,0,28,1,48.74
22.0596,88.06532,20,5,4,3,6,48.39
22.013278,88.064842,12,47,2,26,3,40.78
22.042603,88.052814,0,51,0,25,9,23.38
22.083236,88.06449,16,33,0,22,10,21.1
22.078565,88.07163,18,43,3,14,12,49.87
22.019688,88.096482,7,8,4,15,5,77.44
22.04497,88.066824,2,20,3,13,4,38.21
22.049248,88.081773,3,20,5,1,4,33.37
22.055736,88.053552,20,45,5,15,10,53.05
22.025423,88.086963,10,21,6,7,6,28.93
22.047849,88.081072,12,43,6,6,1,51.62
22.044842,88.095775,23,18,6,2,12,23.07
22.089846,88.091204,1,36,5,13,2,29.64
22.090974,88.087462,4,12,3,2,12,47.35
22.062326,88.066847,19,33,3,24,2,47.75
22.054939,88.077148,12,4,4,25,7,36.74
22.070898,88.101705,0,44,1,23,4,57.23
22.042203,88.050238,16,1,4,9,9,23.48
22.032295,88.050948,3,59,4,5,5,39.12
22.038493,88.075243,18,50,3,15,5,43.98
22.047656,88.082258,19,34,5,19,6,39.38
22.031796,88.045077,19,54,4,1,12,50.61
22.071562,88.067557,11,48,6,24,3,20.19
22.088591,88.06698,6,8,6,13,3,33.32
22.019087,88.003342,21,44,5,23,1,7.17
22.067454,88.063212,13,22,2,3,9,49.23
22.060102,88.06508,15,51,1,12,9,24.0
22.076945,88.064991,3,51,2,13,8,45.68
22.066312,88.112277,14,57,4,2,1,42.82
22.023092,88.033326,13,27,6,20,10,34.24
22.028828,88.045061,7,11,6,27,10,45.3
22.067583,87.991434,18,7,4,16,12,46.64
22.097563,88.055373,3,9,4,12,12,42.8
22.000274,88.057931,17,59,6,18,4,41.54
22.077072,88.054501,23,35,4,11,9,26.24
22.102389,88.10303,13,21,0,11,5,48.52
22.062109,88.095619,2,26,3,22,8,41.57
22.083206,88.072136,13,10,2,17,4,35.63
22.045608,88.058682,12,34,4,8,8,30.28
22.063119,88.100586,13,25,4,12,12,39.31
22.018073,88.069207,6,47,2,24,8,40.01
21.99637,88.045252,15,1,2,15,12,11.49
22.094983,88.018313,6,55,0,3,12,40.42
22.03715,88.056561,13,3,2,24,2,22.21
22.053034,88.092439,14,25,5,21,12,30.26
22.025107,88.138096,15,20,4,8,10,37.62
22.024401,88.071648,19,43,6,28,6,44.4
22.061485,88.046839,21,39,6,27,8,18.17
22.044813,88.034251,18,11,5,28,8,39.17
22.078039,88.086359,19,29,1,11,10,47.73
22.080276,88.016862,20,32,2,26,10,58.52
22.076325,88.08631,5,27,0,23,2,62.1
22.073858,88.094331,7,1,0,25,1,74.37
22.114033,88.082888,12,10,1,16,3,68.25
22.034672,88.06321,11,30,1,8,7,28.26
22.065052,88.086748,16,15,0,7,11,19.25
22.100681,88.074928,0,32,5,28,8,28.67
22.104636,88.046456,3,9,3,15,2,42.52
22.024047,88.125312,17,44,4,26,9,67.51
22.057329,88.05925,19,11,4,16,6,46.09
22.107444,88.093073,7,38,6,15,5,65.09
22.081942,87.997242,7,50,1,3,10,57.22
22.072558,88.108094,13,21,2,12,4,53.31
22.060169,88.113863,11,8,2,16,8,48.63
22.055186,88.070695,4,0,3,4,3,38.98
22.075347,88.086563,12,21,3,5,5,32.75
22.059129,88.086555,19,6,5,17,7,37.38
22.065423,88.050516,17,52,3,7,8,60.11
22.069058,88.086214,19,58,1,20,12,57.25
22.046358,88.045541,15,58,3,13,4,23.28
22.082664,88.051537,21,55,6,12,11,34.92
22.154127,88.103608,5,35,4,4,10,72.58
22.01339,88.09904,1,19,4,12,5,34.16
22.07642,88.048609,2,26,1,16,2,38.71
22.043894,88.047793,23,15,0,17,4,23.18
22.084022,88.050432,15,50,1,8,8,25.88
22.068097,88.091779,5,26,0,1,10,36.84
22.089556,88.0398,20,23,3,27,8,40.35
22.101965,88.080501,7,41,6,27,9,57.01
22.072473,88.092205,14,22,3,26,2,48.75
22.100662,88.067153,5,21,4,9,7,37.51
21.996371,88.100102,2,13,5,17,11,42.54
22.114414,88.060671,6,4,5,4,5,38.61
22.077952,88.063384,5,2,4,26,11,57.47
22.099035,88.040483,13,24,5,1,2,32.51
22.030104,88.100315,0,59,1,14,12,23.0
22.041777,88.046804,5,15,2,24,10,48.13
22.071078,88.080293,13,38,2,21,8,51.9
22.066189,88.067661,9,19,5,25,8,54.43
22.075192,88.038217,15,18,2,14,12,23.15
22.099235,88.051527,15,9,6,3,5,17.48
22.013743,88.111286,23,33,1,1,2,29.78
22.095915,88.07585,20,39,1,5,12,56.27
22.066948,88.039525,5,21,5,2,2,32.9
22.060587,88.07896,16,31,5,13,8,7.88
22.022567,88.065417,15,28,4,2,4,18.08
22.081791,88.173421,14,16,2,6,12,56.13
21.994277,88.078354,19,41,0,12,12,41.13
22.086152,88.058381,3,33,2,21,6,40.86
22.021937,88.112401,9,3,3,19,7,59.87
22.068304,88.014569,19,29,2,2,6,40.19
22.063125,88.07263,21,23,6,26,6,31.67
22.101786,88.129633,0,47,6,16,12,31.81
22.06134,88.066314,11,18,5,10,4,35.61
22.045876,88.017801,6,57,0,11,12,37.11
22.051502,88.057922,4,36,0,24,8,42.24
22.104886,88.113436,1,7,3,14,12,41.84
22.082789,88.081082,12,24,4,7,8,43.71
22.055131,88.044634,16,53,4,12,10,22.14
22.059607,88.049243,12,15,2,2,6,36.24
22.019685,88.053009,8,42,0,5,6,63.49
22.078354,88.080636,18,47,2,9,4,55.79
22.013906,88.109946,15,41,5,7,3,35.22
22.089254,88.101373,21,5,6,10,1,30.06
22.070559,88.08348,8,22,6,2,5,51.24
22.138309,88.029851,5,20,4,18,12,57.0
22.033696,88.029962,10,20,0,4,12,30.23
22.06362,88.085798,12,52,6,7,9,52.47
22.120649,88.029436,10,0,1,28,5,52.33
22.102442,88.063033,19,32,1,1,7,50.35
22.045814,88.078925,1,58,6,8,10,35.14
22.073419,88.035672,12,52,3,15,1,35.89
22.06676,88.039072,10,36,1,9,12,36.65
22.075159,88.066976,5,59,3,9,11,50.1
22.04574,88.08491,15,24,0,4,12,34.87
22.06402,88.101646,19,36,2,12,2,59.79
22.018758,88.088012,13,32,6,22,12,31.19
22.070754,88.07201,2,2,2,17,8,58.11
22.080201,88.047414,1,2,6,26,7,28.19
22.059877,88.037673,10,53,3,20,3,24.4
22.018248,88.054474,16,10,4,23,6,8.94
22.096356,88.082098,7,21,4,13,5,84.89
22.077636,88.079899,7,37,3,18,12,71.55
22.04492,88.006803,20,34,0,17,5,42.91
22.058282,88.04623,0,30,6,23,3,21.6
22.02168,88.105935,1,58,3,15,12,32.99
22.035938,88.072176,3,47,4,12,3,33.13
22.050566,88.02729,23,56,3,2,11,29.1
22.103553,88.140475,11,39,4,25,12,49.1
22.047515,88.068932,3,58,2,13,4,42.72
22.085906,88.08133,7,36,5,23,9,69.61
22.050551,88.081786,23,32,1,19,10,28.81
22.074138,88.058772,16,48,4,1,7,15.81
22.062458,88.047973,5,52,4,19,9,30.93
22.092892,88.13345,5,4,3,14,2,75.99
22.050656,88.099896,1,54,0,7,7,49.32
22.019524,88.094458,18,41,2,8,7,56.43
22.025242,88.087089,3,53,0,18,7,34.28
22.050744,88.0397,6,42,3,3,12,39.84
22.029228,88.108126,8,55,4,17,10,62.67
22.079006,88.044506,14,16,3,24,8,27.51
22.052727,88.078299,14,11,5,3,5,27.14
22.137938,88.020618,19,11,2,1,5,62.76
22.014569,88.008574,7,15,2,2,1,62.55
22.072809,88.079349,9,12,3,21,7,62.06
22.032861,88.045527,9,26,1,24,4,58.14
22.051898,88.010125,1,11,5,28,11,28.49
22.070943,88.086018,17,9,5,1,10,42.64
21.996939,88.133402,12,31,2,14,11,42.18
22.073805,88.111487,11,47,5,2,12,39.84
22.123787,88.06208,23,8,0,11,5,41.15
22.053097,88.070065,4,30,1,9,6,43.84
22.074494,88.096431,23,39,1,17,8,31.7
22.097448,88.103464,16,42,2,26,6,29.88
22.061781,88.059494,5,6,1,23,4,35.0
22.049271,88.070825,16,44,3,2,9,13.43
21.998428,88.078818,18,1,5,7,6,36.0
22.08593,88.086416,8,14,3,8,12,78.51
22.063305,88.065808,8,19,3,8,3,58.15
22.036319,88.066197,20,51,0,10,6,49.21
22.070498,88.111195,3,11,1,18,7,52.57
22.04919,88.106086,0,46,5,21,11,18.03
22.050847,88.084122,15,59,5,27,7,19.71
22.084889,88.121373,21,57,0,20,1,47.31
22.026549,88.058207,12,18,0,9,5,40.77
22.098119,88.118489,3,5,5,6,11,32.1
22.024769,88.086075,12,13,1,11,4,44.37
22.046819,88.167931,6,46,4,23,5,48.17
22.124388,88.034026,19,11,5,28,2,52.17
22.100521,88.04912,14,38,5,11,9,28.95
22.069628,88.082364,8,22,3,5,2,70.02
22.038484,88.081717,14,46,2,1,5,32.16
22.050822,88.128304,16,36,5,3,9,24.89
22.068898,88.049749,16,35,4,18,11,20.43
22.067826,88.096948,8,46,5,17,3,64.22
22.063974,88.104674,13,57,3,19,4,35.69
22.065775,88.090939,1,21,6,1,2,37.24
22.060269,88.04097,9,31,5,13,6,58.36
22.023441,88.112033,9,37,0,6,12,55.21
22.051205,88.10668,12,49,2,10,4,52.15
22.094139,88.087788,22,28,5,18,4,28.04
22.02565,88.07593,22,22,0,8,5,26.88
22.061013,88.076583,11,50,4,19,11,43.0
22.042107,88.067438,15,57,2,9,7,27.02
22.070041,88.089024,2,34,1,15,8,50.67
22.055041,88.070734,11,6,3,13,10,34.24
22.111022,88.044344,16,17,6,11,9,30.1
22.081897,88.038342,16,27,6,4,8,19.56
22.027346,88.047239,23,42,2,17,7,28.76
22.086837,88.076464,11,40,0,28,7,43.56
22.04346,88.068991,21,49,6,19,3,27.74
22.04939,88.07626,23,1,6,21,5,30.1
22.076115,88.084824,13,27,4,23,11,40.09
22.051948,88.05098,2,42,4,2,1,31.67
22.093486,88.11377,9,59,3,23,10,74.77
22.043465,88.061769,18,8,0,7,7,41.01
22.048132,88.056797,13,52,1,19,5,29.39
22.047009,88.084272,22,0,1,28,2,14.33
22.049731,88.014705,19,11,6,26,10,25.4
22.099676,88.046084,1,50,0,12,1,52.83
22.085564,88.099232,20,47,3,24,7,52.25
22.117998,88.017677,8,58,2,18,2,82.41
22.134729,88.103327,19,36,0,4,11,65.01
22.035778,88.115134,12,36,6,7,3,37.93
22.068813,88.058716,10,32,0,27,10,28.53
22.031414,88.078554,1,30,5,26,7,28.35
22.043372,88.103373,2,30,5,25,1,48.14
22.047798,88.055796,14,17,5,11,9,39.09
22.034985,88.095833,13,51,1,9,11,41.39
22.035143,88.049666,13,21,6,23,3,20.37
22.062371,88.055472,3,36,4,1,12,33.28
22.030198,88.04582,12,40,2,26,10,30.01
22.091964,88.080079,1,32,4,17,9,50.7
22.039167,88.104539,3,36,2,18,5,54.01
22.150987,88.064277,11,2,1,13,2,48.47
22.053158,88.031663,14,18,2,28,6,30.06
22.068861,88.037319,15,26,3,21,10,35.46
22.02784,88.081638,23,23,4,2,8,22.2
22.117883,88.125123,20,54,1,15,8,63.93
22.100285,88.081612,9,53,1,25,10,75.64
22.075607,88.058193,18,42,6,3,5,37.75
22.026296,88.092786,2,21,3,21,1,33.23
22.07302,88.062615,20,3,6,7,11,40.31
22.033057,88.058451,9,45,2,15,8,71.7
22.110571,88.041046,18,53,2,25,7,65.5
22.090976,88.112053,23,29,1,14,7,40.78
22.069563,87.993624,16,49,3,2,11,16.43
21.993609,88.093736,22,55,5,1,10,13.66
22.037198,88.055888,0,32,3,21,9,29.94
22.087333,88.05749,4,12,2,27,10,40.93
22.103087,88.120569,15,1,6,9,4,31.2
22.099975,88.048376,12,45,4,27,9,47.53
22.01894,88.049398,2,33,2,13,12,29.19
22.075747,88.065888,17,9,0,2,3,49.67
22.097165,88.082215,1,3,3,15,7,41.31
22.01695,88.056544,23,58,4,28,9,22.76
22.066463,88.022584,3,19,6,8,7,27.76
22.074915,88.043829,10,19,1,27,12,43.46
22.057677,88.10824,19,37,1,19,5,41.09
22.011135,88.072043,12,21,6,12,3,41.6
22.056929,88.083333,17,54,3,20,2,51.61
22.056881,88.061957,16,40,0,12,11,28.57
22.062258,88.050015,22,21,0,3,9,32.37
22.049796,88.120127,11,15,3,25,7,36.14
22.05341,88.064154,23,51,4,11,6,23.8
22.065509,88.056499,12,35,1,16,5,34.17
22.079974,88.102684,21,55,2,21,12,31.41
22.057567,88.048129,17,20,5,3,9,45.76
22.054411,88.051958,3,1,6,21,12,28.55
22.069471,88.070107,15,53,3,11,10,32.55
22.009073,88.069808,21,14,2,16,10,4.44
22.081011,88.077588,3,50,2,13,7,41.95
22.066683,88.13255,20,42,0,22,3,66.41
22.067891,88.079887,2,13,0,6,8,40.06
22.095522,87.998458,20,45,5,4,9,35.15
22.008116,88.079589,18,4,0,12,7,39.45
22.007485,88.070936,3,23,5,4,1,7.89
22.074914,88.071104,17,21,1,7,12,44.39
22.066486,88.077178,2,39,4,19,10,48.19
22.071805,88.06894,13,32,6,23,5,30.85
22.052836,88.068222,22,36,5,20,6,18.91
22.086631,88.088191,4,28,5,9,2,25.75
22.094679,88.053538,4,44,1,23,12,33.81
22.081219,88.041369,10,9,4,12,3,46.95
22.058875,88.160513,8,43,4,6,5,82.02
22.003469,88.048324,1,3,2,22,6,18.56
22.089777,88.072804,10,5,0,15,4,38.69
22.103352,88.02493,6,43,6,11,8,38.26
22.086037,88.073294,2,9,1,19,12,34.33
22.040311,88.041803,6,46,6,21,11,18.72
22.086914,88.056526,0,7,6,7,7,28.85
22.092516,88.101152,21,8,0,4,2,38.48
22.113464,88.08396,23,55,5,15,11,37.72
22.040417,88.086852,8,10,4,2,4,73.51
22.059906,88.016664,21,54,1,18,11,10.39
22.089118,88.124907,11,20,5,13,5,40.75
22.068422,88.034044,21,47,0,7,7,22.32
22.03318,88.115657,4,56,1,17,6,44.07
22.079138,88.100446,6,7,6,11,6,42.38
22.08406,88.08712,17,19,5,11,2,43.71
22.069339,88.04415,5,34,0,7,7,21.03
22.073288,88.074348,19,51,1,19,5,59.76
22.058939,88.055672,10,11,1,26,11,39.82
22.111048,88.070671,9,11,0,18,6,62.1
22.039679,88.062304,10,22,1,7,12,39.24
22.04908,88.008642,19,12,4,24,4,38.37
22.06703,88.103454,0,16,0,4,4,35.81
22.093069,88.067367,18,7,2,9,1,47.52
22.021779,88.055256,18,49,2,1,9,46.77
22.027391,88.05299,19,47,6,24,1,32.18
22.005568,88.080554,23,8,6,2,4,12.58
22.067681,88.042987,18,32,5,16,11,49.09
22.033151,88.002145,12,38,2,6,8,30.28
22.055163,88.082014,11,37,3,6,7,36.51
22.086541,88.085373,9,59,3,18,10,76.01
22.047454,88.063811,19,38,6,23,10,36.7
22.073638,88.035363,9,41,5,1,11,54.84
22.05772,88.072468,13,1,6,5,8,35.77
22.086863,88.025864,2,4,3,9,6,26.8
22.080954,88.038983,7,37,6,27,2,63.53
22.045942,88.047279,6,54,5,2,5,28.74
22.06164,88.095118,10,23,5,5,9,42.17
22.098012,88.058922,12,38,4,12,4,49.39
22.078501,88.056364,17,12,2,10,9,53.18
22.024791,88.128441,10,27,4,2,2,30.17
22.086369,88.080374,3,45,2,16,1,44.87
22.034162,88.07997,13,39,4,18,5,29.39
22.109075,88.058709,1,6,1,5,3,41.2
22.097423,88.051909,20,52,5,20,11,30.85
22.075397,88.004208,18,55,3,2,5,33.04
22.071417,88.098862,5,28,4,21,6,56.75
22.060429,88.083249,6,20,1,8,5,48.31
22.087056,88.064425,0,31,5,7,4,28.37
22.055577,88.065683,8,48,5,6,12,54.51
22.073767,88.091884,0,27,1,25,9,30.69
22.092858,88.023159,22,1,2,15,2,29.41
22.049846,88.052104,3,4,4,20,3,35.7
22.048214,88.035711,15,48,6,6,1,26.79
22.030869,88.122945,13,47,5,2,4,34.66
22.034766,88.09607,5,46,3,2,8,44.13
22.011848,88.003719,19,7,2,13,12,26.77
22.088595,88.024387,2,10,6,10,6,29.11
22.120967,88.06583,21,23,6,22,1,29.24
22.10946,88.055627,17,13,6,23,1,45.3
22.017917,88.030069,15,23,2,9,5,14.31
22.088446,88.128143,21,33,3,13,4,39.24
22.109363,88.079176,9,16,1,11,7,83.83
22.052996,88.084044,6,7,6,19,2,39.94
22.069743,88.04904,3,24,6,18,3,42.16
22.006463,88.091468,22,43,1,19,7,29.51
22.074702,88.058387,9,37,1,2,4,74.37
22.034793,88.0613,19,19,3,10,5,41.31
22.072689,88.08813,7,18,2,28,3,70.95
22.019864,88.02093,22,35,3,10,1,17.58
22.082986,88.117711,20,10,2,5,5,62.39
22.097435,88.075272,7,50,4,6,4,79.5
22.043205,88.108228,11,52,6,1,11,33.87
22.032592,88.037537,19,1,6,22,11,42.84
22.002019,88.042105,5,58,3,1,6,29.91
22.058708,88.034943,0,1,5,17,4,30.4
22.049252,88.077309,6,27,4,12,6,50.84
22.020169,88.071779,14,40,1,3,8,37.38
22.080291,88.055868,3,19,5,25,5,37.11
22.053201,88.039378,8,12,2,21,10,68.69
22.034428,88.031802,22,2,4,23,12,15.69
22.050063,88.068345,1,43,5,27,5,30.82
22.098839,88.055832,1,2,6,26,2,36.01
22.084788,88.049232,10,29,6,20,2,24.6
22.062799,88.116213,0,23,5,15,11,36.96
22.085273,88.06733,0,58,3,20,5,28.22
22.031873,88.107901,4,55,2,13,4,40.68
22.067671,88.053802,2,49,3,6,8,38.64
22.07112,88.077143,19,43,6,11,12,40.56
22.052605,88.068136,2,32,1,14,6,38.7
22.079764,88.018871,12,20,3,2,4,39.43
22.043287,88.11265,16,9,4,24,11,22.5
22.081995,88.065745,15,58,0,26,1,33.29
22.083256,88.092193,15,23,4,12,11,27.03
21.979185,88.047239,8,25,1,14,7,71.69
22.102409,88.064855,21,8,1,24,1,30.9
21.975271,88.043794,1,16,4,13,3,15.56
22.048219,88.10688,2,38,0,20,9,34.97
22.09746,88.079142,20,25,1,15,10,64.09
22.057181,88.080812,1,35,3,8,3,34.79
22.022714,88.110546,4,12,4,23,8,33.32
22.033888,88.10449,4,4,0,6,12,49.51
22.097507,88.09276,0,53,2,7,9,38.31
22.009055,88.027148,2,25,2,20,9,32.96
22.10057,88.04893,13,21,3,20,3,48.73
22.065047,88.039683,15,17,2,27,8,26.34
22.030928,88.091626,1,39,0,20,9,52.47
22.049207,88.07492,22,33,3,1,2,16.39
22.036183,88.028085,2,23,5,24,4,20.02
22.092687,88.064138,16,55,4,12,11,27.04
22.088673,88.024977,19,54,2,1,12,63.88
22.015125,88.068205,12,11,3,17,3,49.22
22.054592,88.020139,11,38,0,5,9,39.69
22.040804,88.085665,2,58,1,12,7,33.08
22.105505,88.081139,5,29,3,14,8,45.82
22.026197,88.127038,20,1,4,3,7,46.98
22.114827,88.095236,8,7,3,24,11,71.75
22.065701,88.057113,0,40,6,15,6,37.93
22.031842,88.094342,17,54,4,28,8,47.15
22.046382,88.02787,16,7,0,14,9,18.51
22.042651,88.040926,1,32,3,17,7,36.95
22.028461,88.079794,1,29,4,23,11,22.45
22.069545,88.005053,2,17,0,6,3,33.59
22.029863,88.068685,1,37,2,26,12,25.37
22.001289,88.039192,14,52,6,6,9,18.72
22.05531,88.072839,3,14,2,28,12,36.93
22.012614,88.037468,14,3,3,18,5,23.49
22.044135,88.082527,4,21,1,15,6,43.93
22.039427,88.07038,23,18,0,6,1,30.75
22.040564,88.111811,17,43,2,16,12,50.29
22.126729,88.070002,8,32,5,16,10,72.48
22.068392,88.046741,10,1,6,28,4,25.59
22.074061,88.062393,1,20,4,24,1,42.43
22.013408,88.029473,1,44,5,14,9,19.31
22.047081,88.081984,12,28,4,11,9,38.6
22.073159,88.087496,0,33,4,11,7,32.16
22.035964,88.143876,15,15,2,11,2,30.7
22.093942,88.051145,9,19,0,1,12,81.38
22.030619,88.061766,3,7,2,2,6,36.41
22.058109,88.052527,12,4,6,22,9,26.06
22.049118,88.076163,13,2,3,8,11,45.43
22.07163,88.081251,17,37,5,12,7,42.89
22.047485,88.068199,4,9,0,20,2,43.16
22.058573,88.10239,13,34,1,18,11,38.78
22.059616,88.051291,20,57,2,11,9,57.42
22.044668,88.099385,6,41,2,22,11,41.48
22.081253,88.085955,20,34,6,5,8,58.65
22.073852,88.069439,17,7,3,14,11,43.81
22.064042,88.060352,10,29,4,3,11,36.59
22.053786,88.1426,21,53,4,15,3,44.19
22.090596,88.04529,23,23,2,3,3,33.76
22.059625,88.078738,5,49,6,27,2,54.69
22.057499,88.047293,23,42,1,19,10,26.95
22.069841,88.123369,0,16,0,7,3,43.07
22.117598,88.096405,3,8,5,18,6,58.44
22.026489,88.04945,1,1,4,10,10,19.93
22.089796,88.085178,8,16,1,15,6,61.66
22.009905,88.077531,22,19,6,5,1,12.47
22.073218,88.054301,14,39,1,15,5,42.77
22.113952,88.092545,14,34,1,3,2,34.9
22.08136,88.081479,2,28,1,5,5,47.22
22.071819,88.076271,12,43,1,17,9,48.01
22.049887,88.068542,9,46,5,15,7,73.02
22.067631,88.082732,11,42,4,9,9,46.44
22.059138,88.076682,6,53,4,2,2,47.4
22.043121,88.071573,4,21,6,12,10,44.54
22.058004,88.05057,22,49,0,26,6,30.61
22.072651,88.120613,13,25,4,20,4,43.49
22.043683,88.038287,9,11,0,2,8,52.83
22.042512,88.082629,1,8,6,27,2,26.11
22.025893,88.060193,18,5,4,12,6,43.77
22.078422,88.122586,11,57,5,17,6,40.03
22.08306,88.042696,9,10,3,1,2,51.11
22.07365,88.047742,16,50,2,9,12,23.21
22.095655,88.040705,3,47,4,23,5,42.55
22.069336,88.079504,12,26,5,10,1,42.22
22.07846,88.028608,20,54,1,5,6,59.61
22.075815,88.055444,11,54,6,3,12,32.4
22.063954,88.005229,0,55,5,26,9,15.2
22.050775,88.077013,5,29,0,23,8,30.82
22.133125,88.054794,1,17,6,2,11,42.72
22.053141,88.025158,12,2,1,26,2,30.38
22.046724,88.102368,8,50,4,23,7,75.91
22.07972,88.03057,3,52,0,11,4,49.1
22.074256,88.093708,16,32,1,19,9,19.07
22.024556,88.048769,4,4,4,8,11,40.17
22.10038,88.117847,8,49,4,7,1,87.04
22.063874,88.092287,23,17,4,21,2,41.68
22.033372,88.039559,1,32,2,6,12,15.59
22.102364,88.042288,5,39,5,10,6,33.94
22.08547,88.087966,7,8,0,11,4,64.95
22.028764,88.061929,12,3,5,5,2,35.25
22.120015,88.06472,5,4,2,24,5,53.39
22.086464,88.107967,23,57,4,19,1,20.1
22.066394,88.047339,0,57,6,25,3,24.39
22.114407,88.072539,22,25,1,15,3,41.63
22.071479,88.098439,12,25,2,5,2,47.76
22.065858,88.094074,0,24,5,8,12,32.59
22.046891,88.065012,2,21,6,10,10,28.54
22.084156,88.061133,2,32,1,27,12,33.73
22.080998,88.017636,6,21,3,7,3,40.86
22.06714,88.038113,7,36,2,20,4,66.59
22.043,88.079351,15,22,3,4,4,30.44
22.070598,88.065664,7,37,2,27,7,74.55
22.064606,88.072048,17,56,0,19,3,50.94
22.026696,88.100978,7,12,6,13,3,69.95
22.022546,88.03418,6,3,4,10,12,33.16
22.083655,88.062715,6,31,3,10,5,36.15
21.988643,88.075461,7,7,0,7,10,64.25
22.072862,88.048675,20,13,0,17,3,50.64
22.052358,88.112744,5,47,3,25,12,51.14
22.105947,88.097058,6,25,4,7,9,43.86
22.051896,88.078504,22,32,1,21,11,41.72
22.086485,88.123627,15,46,5,16,7,35.2
22.054793,88.024833,4,7,2,22,11,35.27
22.070112,88.069568,20,28,0,22,5,45.18
22.088805,88.08079,4,2,3,2,6,55.06
22.052823,88.042363,3,29,1,1,1,29.68
22.096597,88.078821,10,13,0,26,3,60.41
22.036889,88.036603,16,54,0,5,10,14.82
22.075538,88.090517,4,15,1,17,4,59.04
22.094379,88.101535,18,12,3,22,2,55.52
22.086501,88.07797,3,0,6,15,4,50.41
22.124193,88.014216,18,7,1,1,5,45.64
22.043797,88.040796,2,12,0,1,9,34.19
22.025326,88.086741,11,13,1,19,2,40.12
22.03687,88.070436,15,44,2,26,1,29.05
22.086513,87.98898,6,53,1,10,9,46.19
22.081638,88.107085,14,51,2,16,2,40.48
22.069768,88.0739,16,57,6,27,6,21.75
22.033011,88.045228,15,53,2,24,9,29.92
22.089706,88.099649,9,27,4,16,7,68.18
22.029959,88.049474,18,23,4,19,2,47.36
22.101468,88.049146,17,38,0,27,9,50.71
22.152423,88.080551,7,19,1,23,1,82.57
22.077694,88.123231,17,36,2,12,3,58.13
22.084193,88.118508,22,59,3,20,2,31.94
22.051914,88.080591,19,11,0,10,7,47.93
22.012394,88.083672,17,46,4,26,9,46.36
22.048618,88.093545,18,56,2,3,8,49.72
22.033913,88.03209,19,32,2,7,2,53.27
22.02329,88.089124,6,21,4,10,5,48.99
22.118371,88.047778,17,15,6,6,2,50.15
22.074886,88.079354,4,10,6,17,5,34.35
22.078091,88.062976,8,19,6,20,3,57.51
22.057429,88.084836,22,44,2,25,9,44.36
22.061514,88.073343,6,30,0,15,10,37.7
22.095637,87.977609,20,13,1,18,10,45.47
22.06573,88.075167,10,32,2,17,3,43.0
22.082621,88.089065,5,48,2,1,1,46.51
22.06082,88.083178,2,0,1,20,1,33.75
22.056435,88.066722,13,1,1,1,11,33.35
22.024493,88.119065,10,57,1,16,11,36.53
22.007368,88.079141,12,44,4,28,3,31.94
22.058853,88.08293,1,34,3,23,11,47.38
22.068395,88.101135,6,54,0,15,7,48.59
22.028116,88.080678,0,35,3,9,3,27.9
22.065666,88.042859,7,31,5,24,4,61.32
22.068313,87.99665,22,12,2,25,4,26.82
22.00202,88.055486,3,48,2,11,10,30.32
22.039246,88.092628,16,45,1,4,3,31.87
22.078918,88.059207,0,17,2,17,3,26.4
22.078312,88.093835,13,44,1,18,9,52.65
22.03209,88.074262,22,43,6,27,4,20.27
22.071453,88.108442,8,5,6,25,4,67.15
22.097372,88.060943,4,9,2,7,10,41.52
22.090012,88.083828,13,35,6,8,12,30.16
22.063841,88.084977,6,37,5,28,7,28.66
22.052661,88.114848,21,39,0,10,10,25.86
22.04782,88.018601,20,22,3,13,11,47.56
22.080735,88.056048,15,50,4,9,8,21.37
22.072553,88.095255,15,26,2,12,10,20.59
22.085582,88.116177,14,12,3,16,1,39.0
22.070656,88.077002,17,6,3,9,1,48.91
22.091263,88.061019,11,52,4,12,11,37.15
22.069538,88.092514,23,42,2,10,2,34.35
22.090241,88.095861,8,27,4,4,9,81.58
22.092825,88.05901,0,12,1,23,6,45.69
22.042564,88.079709,16,5,6,25,10,32.57
22.012456,88.105216,15,9,0,14,8,13.94
22.113005,88.126514,23,6,0,6,1,38.22
22.0744,88.092078,9,31,0,19,5,75.34
22.015265,88.071124,10,11,2,15,9,30.8
22.045285,88.068178,13,7,4,16,12,43.69
22.089856,88.086522,9,16,6,17,10,67.14
22.05831,88.06633,18,41,3,21,11,59.67
22.051338,88.075489,10,29,1,2,12,46.08
22.108726,88.038064,18,9,2,3,11,58.98
22.035281,88.108712,10,44,0,3,7,37.63
22.042755,88.035594,5,29,3,5,5,37.34
22.073042,88.056837,23,11,5,28,7,23.61
22.078414,88.072728,12,41,0,21,10,34.19
22.08159,88.12953,16,59,5,19,6,39.0
22.094037,88.05712,14,32,1,20,10,45.1
22.072657,88.04982,8,9,4,1,9,64.76
22.081382,88.053275,23,18,5,6,3,35.49
22.058924,88.119567,8,35,5,23,12,62.79
22.068581,87.98543,23,59,4,13,11,10.49
22.069926,88.039718,10,55,4,15,8,44.13
22.073153,88.151739,0,55,1,22,3,35.84
22.089876,88.087526,0,49,0,3,3,38.36
22.083354,88.03662,23,34,2,23,11,32.2
22.068027,88.068542,12,38,4,20,1,45.72
22.042426,88.071824,9,44,4,12,6,70.32
22.06873,88.095184,19,42,5,14,8,51.44
22.065859,88.124985,14,38,2,3,3,47.82
22.072495,88.081457,15,8,6,6,11,18.37
22.132896,88.053606,16,52,3,7,7,34.56
22.050987,88.093413,4,0,1,25,1,33.83
22.079369,88.048852,2,25,5,4,4,44.15
22.098754,88.0388,17,26,0,9,5,40.96
22.06964,88.017003,0,59,2,4,3,27.12
22.136835,88.022846,17,5,5,8,12,38.36
22.055359,88.042907,3,28,5,1,5,26.64
22.076423,88.034466,6,21,1,8,7,42.37
22.042736,88.079197,16,5,1,21,7,20.8
22.056154,88.033818,14,13,0,22,3,40.79
22.074168,87.97549,18,25,0,11,7,42.11
22.092089,88.038483,14,54,5,20,5,28.36
22.076273,88.055644,1,23,5,18,1,30.24
22.104473,88.051637,20,52,3,26,5,62.41
22.063851,88.115386,5,44,3,23,8,55.69
22.056735,88.051394,3,49,2,7,2,30.88
22.14782,88.096228,21,51,1,17,10,35.81
22.078527,88.069231,4,42,0,23,8,48.34
22.045116,88.068531,12,44,4,9,4,42.74
22.045872,88.044739,11,9,0,17,8,24.98
22.03842,88.068037,18,43,0,12,4,51.66
22.094797,88.046847,1,2,5,9,8,26.2
22.055769,88.074901,2,44,4,6,2,48.38
22.070521,88.062713,9,39,3,1,8,70.46
22.064795,88.041461,11,45,1,21,1,26.32
22.088645,88.099557,18,38,1,23,1,52.2
22.041298,88.082605,14,22,3,19,4,32.54
22.034433,88.056358,3,22,2,7,3,37.84
22.073429,88.074165,23,35,3,1,6,32.27
22.084729,88.067285,11,28,1,18,2,31.46
22.076676,88.043772,23,20,1,6,3,20.99
22.042416,88.071915,23,29,0,16,2,33.57
22.087025,88.05117,1,32,2,28,11,39.98
22.044384,88.041452,12,14,1,1,9,37.94
22.051054,88.021117,10,38,1,17,3,34.66
22.038381,88.059042,11,18,3,28,2,28.67
22.105735,88.086809,7,16,3,10,11,77.5
22.085703,88.04896,13,25,1,23,9,58.17
22.08485,88.145421,11,6,4,24,11,56.31
22.104116,88.096371,4,36,2,14,3,49.05
22.151079,88.10893,6,44,2,9,5,55.77
22.015423,88.093657,3,57,3,20,2,18.52
22.044549,88.125386,20,17,0,18,6,62.28
22.048215,88.04619,16,32,2,14,2,27.03
22.041175,87.992978,9,30,4,6,1,51.75
22.034373,88.056416,9,43,0,21,7,51.7
22.05771,88.086547,1,37,3,6,12,30.26
22.030202,88.074346,6,48,0,4,8,44.23
22.076751,88.078064,22,51,4,2,10,31.49
22.068251,88.109427,0,6,0,13,10,44.39
22.081131,88.081262,3,21,1,4,12,45.67
22.081932,88.093767,20,39,2,10,2,62.57
22.08479,88.041613,12,32,4,7,4,44.66
22.055498,88.036938,0,28,5,13,8,29.84
22.130334,88.118223,11,10,3,22,10,35.92
22.073733,88.072827,17,34,0,13,10,42.88
22.010825,88.051103,8,44,2,16,9,57.35
22.036629,88.051158,9,2,5,5,4,62.97
22.014485,88.050326,15,35,0,4,5,32.68
22.06722,88.048531,14,54,5,28,1,28.57
22.063046,88.031306,21,34,2,18,4,18.97
22.052647,88.024787,5,57,0,1,2,24.34
22.127028,88.06395,6,21,4,16,12,57.64
22.083169,88.052012,3,0,0,1,2,38.24
22.088483,88.103015,15,40,2,3,5,54.9
22.038768,88.078592,12,12,1,11,11,35.44
22.036726,88.07776,8,0,4,19,12,80.68
22.067804,88.047506,16,10,0,18,5,29.26
22.07189,88.066169,9,56,0,23,6,60.1
22.011011,88.08063,4,46,3,6,7,39.79
22.061291,88.091286,12,16,6,6,10,44.11
22.067122,88.066983,10,35,0,15,10,38.16
22.060246,88.102174,9,20,3,25,7,75.72
22.042298,88.07004,10,10,5,21,5,36.81
22.050514,88.093585,21,59,2,19,5,32.78
22.061394,88.055104,5,48,3,3,8,42.29
22.069424,88.015422,6,21,5,25,11,25.12
22.084844,88.077851,13,21,5,28,1,36.94
22.099126,88.09156,1,48,2,17,10,45.11
22.05787,88.08706,3,27,5,10,6,23.78
22.053015,88.082466,13,22,4,19,2,41.35
22.07983,88.059342,12,23,3,18,2,42.75
22.085025,88.045598,15,26,3,27,5,18.39
22.053674,88.086352,2,31,6,4,3,31.93
22.090412,88.082593,20,2,6,15,2,47.41
22.096088,88.052973,11,28,6,20,4,46.77
22.105451,88.103083,3,26,4,10,11,51.92
22.12005,88.043314,7,16,2,24,9,80.4
22.040708,88.052294,5,21,0,2,3,38.79
22.067117,88.118893,10,25,0,3,9,32.33
22.067038,88.095857,11,21,6,23,6,39.2
22.063758,88.05906,10,54,2,4,9,33.86
22.047222,88.078421,11,31,0,12,3,33.85
22.022133,88.074444,21,30,1,8,1,15.72
22.06948,87.987432,23,15,0,20,4,24.19
22.043649,88.042606,11,54,3,1,12,39.29
22.06928,88.068275,23,1,4,10,7,39.08
22.042879,88.059102,19,33,2,28,1,57.41
22.03371,88.077213,19,10,5,11,12,53.29
22.073729,88.103684,5,46,3,17,10,34.91
22.071228,88.060154,10,22,6,28,7,25.13
22.084078,88.03807,8,17,5,18,9,48.6
22.132276,88.079546,2,3,0,22,3,53.36
22.075019,88.060001,1,47,1,27,8,32.66
22.081252,88.065118,14,23,5,18,11,29.81
22.034373,88.061047,10,15,3,24,6,33.64
22.028093,88.137055,19,50,5,15,1,49.78
22.114185,88.002579,16,1,2,23,10,14.25
22.038996,88.05815,2,28,0,18,9,26.58
22.035382,88.069689,20,9,5,10,9,41.58
22.065527,88.046366,11,7,5,16,8,37.26
22.063994,88.096795,13,1,4,10,2,42.88
22.039625,88.094198,23,11,2,12,2,26.3
22.057551,88.068367,15,56,0,9,10,11.64
22.103581,88.06168,0,26,5,14,11,39.2
22.04252,88.066441,4,59,4,10,1,35.24
22.02489,88.066656,10,16,4,18,7,26.6
22.094978,88.067449,0,45,1,11,7,26.13
22.081469,88.06416,4,5,5,14,5,28.74
22.048084,88.077373,19,6,5,4,8,36.21
22.019235,88.092396,3,0,6,11,11,31.19
22.044361,88.032892,4,53,3,10,10,28.46
22.065059,88.03828,12,40,5,27,2,34.64
22.10167,88.017344,2,44,2,13,6,36.7
22.035603,88.095792,6,55,4,1,12,59.68
22.064164,88.07731,22,19,4,9,3,18.59
22.086954,88.084958,15,43,5,21,11,27.16
21.995262,88.026915,23,30,5,5,6,14.34
22.097714,88.123348,8,32,0,5,7,71.06
22.031226,88.051534,14,39,5,11,4,26.4
22.07666,88.074846,5,28,5,10,12,45.8
22.0741,88.095432,9,1,3,14,7,71.45
22.099238,88.040191,4,4,3,1,7,54.0
22.083228,88.05341,19,30,5,21,6,29.28
21.995381,88.075175,4,34,3,6,2,29.8
22.043157,88.155524,4,43,2,20,10,60.59
22.070846,88.078834,11,34,5,16,4,39.46
22.060851,88.117991,10,11,5,6,3,42.38
22.081028,88.10597,7,22,1,14,10,83.99
22.090381,88.08084,8,26,5,2,3,53.3
22.084954,88.040124,7,59,2,20,9,74.15
22.060272,88.101593,21,31,0,9,6,38.11
22.01131,88.024857,13,38,6,11,10,18.21
22.053036,88.117826,22,44,1,5,1,52.05
22.079191,88.0758,23,21,1,11,10,35.95
22.033987,87.990293,15,57,1,12,3,0.0
22.085638,88.059585,19,40,3,7,11,54.16
22.093952,88.089418,2,50,1,28,5,40.39
22.070506,88.062689,22,44,1,8,1,37.83
21.974787,88.09125,11,37,2,6,6,32.75
22.028357,88.044299,17,1,1,16,1,38.75
22.123286,88.030621,5,35,1,9,4,57.66
22.050304,88.067657,2,7,6,13,9,38.37
22.007176,88.070747,21,36,4,21,7,15.09
22.103757,88.059348,10,42,0,3,9,42.23
22.067101,88.106619,3,32,0,15,11,49.79
22.099848,88.044294,15,18,5,1,6,20.55
22.075009,88.079195,1,3,1,2,7,37.28
22.080457,88.071839,10,40,1,3,1,42.13
22.07759,88.023099,16,41,4,5,4,15.05
22.087625,88.030229,17,28,5,10,9,26.87
22.135023,88.070157,10,42,2,27,1,49.91
22.09583,88.129236,8,46,5,26,5,58.77
22.01929,88.087178,20,30,2,3,2,40.61
22.0801,88.018031,4,2,0,28,11,27.17
22.100944,87.976485,1,52,5,18,7,13.89
22.102781,88.091792,3,28,6,16,8,45.8
22.053902,88.066914,19,40,6,23,9,40.93
22.101648,88.104038,11,54,0,14,3,43.74
22.094532,88.043378,0,21,3,8,1,26.22
22.143876,88.080306,4,37,4,15,5,49.49
22.0442,88.095185,0,1,0,21,3,37.73
22.051478,88.056376,19,53,6,20,4,40.67
22.057516,88.057017,11,3,0,5,4,40.84
22.051993,88.070558,1,32,1,27,10,42.66
22.039999,88.08608,5,21,6,8,4,35.48
21.98382,88.06937,14,2,3,23,2,15.04
22.053659,88.09902,14,27,4,9,12,34.35
22.077781,88.055942,19,56,3,2,1,49.46
22.051903,88.029948,0,10,5,28,3,17.41
22.124761,88.129109,1,17,0,17,5,43.7
22.067101,88.051661,0,11,4,7,1,33.54
22.105431,88.052747,9,7,0,1,11,86.86
22.074543,88.067826,17,13,1,4,5,47.65
22.091492,88.071815,15,34,3,5,10,31.11
22.075077,88.058199,5,46,3,26,2,35.2
22.107764,88.069277,15,41,1,5,7,41.5
22.068378,88.068607,15,46,5,5,2,28.12
22.081584,88.075045,4,42,2,24,3,51.66
22.07769,87.999075,17,22,6,25,5,47.4
22.058051,88.126226,10,54,0,6,11,42.18
22.078849,88.065381,1,10,1,19,4,36.44
22.133732,88.087219,9,41,2,15,10,89.0
22.058588,88.028457,18,6,4,17,2,48.91
22.079284,88.05567,16,45,2,9,4,10.76
22.104433,88.049631,6,5,1,22,8,50.49
22.100908,88.113892,18,12,3,25,6,54.88
22.067051,88.052226,9,23,6,21,7,65.47
21.995198,88.092542,11,41,0,26,9,34.37
22.082201,88.050287,2,2,1,4,1,27.53
22.000116,88.056221,23,15,3,19,9,24.81
22.110798,88.062433,20,20,5,28,11,51.3
22.071784,88.108315,4,43,0,15,10,51.05
22.09669,88.013104,13,57,1,27,4,41.8
22.039637,88.03033,18,36,1,10,5,52.88
22.020125,88.011381,12,30,4,26,12,33.88
22.074523,88.037175,5,20,0,27,10,42.17
22.065692,88.045452,23,49,4,18,12,37.65
22.051954,88.021366,6,6,2,20,11,53.6
22.06924,88.047776,8,7,2,15,6,72.95
22.149723,88.009359,8,12,6,9,2,67.42
22.091736,88.03926,21,16,5,16,3,24.6
22.098185,88.105813,12,27,5,27,4,46.53
22.092018,88.081908,17,56,6,1,11,48.84
22.111084,88.075424,21,39,1,6,4,49.03
22.060998,88.039717,22,23,5,14,5,14.76
22.005057,88.023717,20,12,1,10,11,46.96
22.061042,88.035625,21,38,2,18,2,22.61
22.091052,88.068504,22,15,3,11,8,22.42
22.037606,88.095845,23,58,5,19,7,24.47
22.061409,88.096871,15,28,4,3,12,26.44
22.045947,88.088718,3,33,3,10,6,45.7
22.111761,88.047673,2,54,2,20,7,43.61
22.089184,88.070536,19,18,4,14,11,45.97
22.086246,88.06016,7,28,3,20,12,81.24
22.085348,88.063764,19,31,3,18,9,59.55
22.065583,88.130914,22,16,4,10,9,47.69
22.072627,88.01694,15,3,4,12,11,24.48
22.031144,88.06276,18,17,2,28,12,44.71
22.001107,88.106152,6,6,0,27,9,46.05
22.071202,88.025823,10,40,2,1,4,31.66
22.07642,88.050488,23,0,2,20,8,32.36
22.102978,88.053929,19,18,1,14,3,51.72
22.11384,88.063101,4,53,1,1,7,38.35
22.1138,88.021921,22,34,6,18,6,25.28
22.036759,88.087659,11,40,1,1,12,32.87
22.056132,88.089789,20,40,5,9,7,44.57
22.08111,88.085051,12,17,0,20,12,48.95
22.142657,88.043689,14,37,6,23,10,47.15
22.111103,88.072395,3,13,1,12,11,41.74
22.100282,88.042817,8,38,2,23,3,67.37
22.055066,88.059822,17,40,5,24,10,36.49
22.040204,88.134404,20,52,1,13,4,49.46
22.090367,88.072671,2,55,3,5,7,38.99
22.03368,88.034174,1,1,5,19,6,22.33
22.059547,88.07521,16,17,0,1,4,30.18
22.063257,88.029246,10,32,0,26,12,37.37
22.114487,88.03383,20,19,5,11,11,39.72
22.056059,88.038566,1,37,1,22,7,41.93
21.993523,88.056471,8,51,6,21,1,59.02
22.081833,88.097909,0,15,6,14,3,27.6
22.045729,88.087152,17,53,6,28,3,52.3
22.067979,88.08549,20,52,6,23,12,49.51
22.064099,88.036832,3,54,5,25,5,31.04
22.058489,88.053561,7,4,2,3,1,69.39
22.09041,88.07796,20,17,6,14,8,48.9
22.020714,88.05095,0,7,2,27,12,31.22
22.05119,88.061449,22,7,4,23,7,28.53
22.087221,88.083041,21,3,0,13,6,29.49
22.048277,88.059337,3,26,6,2,3,18.53
22.018436,88.076582,3,5,4,8,11,40.72
22.086757,88.117582,16,17,6,17,2,25.39
22.100393,88.064644,0,58,2,18,12,43.92
22.06535,88.10518,12,53,2,26,3,50.1
22.007875,88.086581,1,56,3,3,2,29.94
22.087879,88.025783,12,2,6,12,5,41.86
22.016903,88.036736,8,39,3,8,1,60.48
22.075964,88.044792,16,38,5,27,1,19.85
22.040076,88.044155,21,7,1,5,3,20.95
22.031905,88.067091,11,54,5,7,9,38.9
22.053443,88.088239,15,24,5,9,10,17.37
22.061201,88.107455,14,58,6,3,3,33.22
22.047374,88.079045,23,6,0,19,8,22.45
22.084361,88.05643,5,39,2,15,5,50.39
22.053318,88.007333,5,7,0,16,6,32.11
22.096106,88.071918,9,56,2,26,5,67.54
22.075135,88.070573,17,36,5,13,11,41.82
22.045773,88.075288,20,4,4,9,7,49.87
22.040722,88.132987,6,12,5,11,7,34.08
22.017275,88.107018,2,21,5,23,11,16.46
22.075422,88.093352,14,0,6,15,8,38.84
22.056062,88.040938,14,0,6,5,2,12.75
21.995534,88.05441,8,55,4,20,3,64.41
22.050629,88.066955,4,58,6,21,5,46.33
22.039669,88.046538,20,32,0,7,2,44.39
22.11397,88.084814,20,54,5,16,9,61.76
22.015617,88.080507,17,39,3,16,6,45.22
22.023459,88.037151,13,1,6,5,1,36.83
22.099999,88.105705,6,42,3,1,5,49.75
22.107403,88.072869,9,1,1,21,10,55.74
22.044351,88.017928,1,48,5,18,11,22.64
22.047737,88.06826,5,22,6,20,12,48.17
22.085187,88.078236,10,8,0,11,12,46.89
21.996887,88.098984,10,15,0,15,8,31.23
22.010864,88.059676,1,41,4,28,12,32.08
22.058278,88.094638,22,50,3,7,12,38.52
22.113197,88.075414,6,34,3,19,8,50.6
22.053628,88.030348,12,9,0,4,5,55.48
22.069728,88.027345,11,54,4,2,12,29.66
22.100714,88.103477,11,47,3,27,5,52.39
22.129907,88.10568,20,24,5,4,2,62.2
22.049395,88.079487,17,33,2,19,2,44.43
22.066195,88.114671,20,57,2,15,7,53.24
22.121362,88.101498,9,22,0,23,1,84.24
22.021034,88.090309,6,1,3,16,2,42.79
22.097527,88.042461,10,8,4,20,3,43.06
22.036151,88.121743,13,36,1,26,7,31.01
22.069774,88.085889,8,59,5,24,6,69.39
22.059421,88.058225,11,44,6,21,7,31.45
22.03796,88.049752,3,37,1,5,7,35.97
22.037207,88.077504,14,19,4,5,12,37.83
22.074992,88.019668,17,26,4,14,3,42.96
22.096566,88.09079,12,2,0,19,6,44.75
22.062808,88.041193,20,22,1,19,8,46.03
22.068803,88.080918,23,37,2,23,4,30.64
22.083835,88.054151,21,54,0,3,3,43.53
22.037551,88.061867,2,55,2,5,1,42.01
22.088891,88.047093,21,49,1,5,4,21.31
22.09128,88.064963,8,1,6,16,4,79.33
22.144809,88.126481,10,48,4,18,3,52.58
22.055417,88.111352,9,13,2,4,4,70.49
22.052958,88.080434,6,36,5,25,9,44.8
22.089769,88.069041,21,56,0,9,10,16.82
22.091273,88.095126,15,53,4,19,7,32.0
22.050647,88.103699,23,39,4,22,1,30.2
22.054605,88.044905,22,17,5,2,9,21.25
22.082934,88.067477,10,31,1,25,2,44.28
22.041872,88.015141,17,42,4,28,1,40.81
22.054384,88.103493,12,30,5,27,7,38.36
22.069388,88.131751,11,24,5,4,6,46.18
22.096578,88.072202,17,24,1,11,4,56.3
22.048562,88.00605,16,35,6,7,12,11.44
22.011428,88.088067,21,2,1,13,2,24.34
22.009202,88.042677,18,59,2,28,1,52.97
22.028918,88.0499,14,6,1,22,8,32.49
22.027305,88.088597,22,59,1,22,6,23.74
22.062062,88.077437,2,2,1,12,10,26.92
22.031034,88.055157,18,30,0,27,1,34.07
22.045617,88.050312,9,25,5,26,6,53.13
22.043477,88.073575,10,34,4,23,2,36.87
22.053485,88.057516,18,26,2,23,1,43.17
22.106375,88.036523,6,53,3,19,6,48.56
22.086558,88.059823,21,0,4,3,9,25.23
22.067184,88.079988,11,59,1,8,2,32.37
22.052869,88.064457,8,41,2,22,11,70.7
22.053703,88.027395,7,46,6,10,7,67.02
22.076532,88.099472,10,8,0,5,6,36.69
22.084225,87.987636,22,3,6,27,12,18.77
22.039471,88.056409,2,23,6,14,4,15.92
22.067794,88.051194,12,19,1,25,3,30.76
22.005751,88.074245,20,46,2,8,10,40.39
22.073051,88.08665,11,53,1,11,2,48.15
22.089564,88.103603,13,25,3,10,11,41.42
22.058298,88.048428,8,46,1,11,10,59.59
22.121196,88.087397,3,3,5,13,12,44.8
22.040263,88.075675,15,44,2,9,6,25.66
22.073223,88.018454,22,5,6,23,8,13.64
22.065625,88.126816,12,40,5,10,11,57.05
22.063691,88.026637,10,22,2,13,2,33.03
22.06327,88.082385,3,24,4,25,4,43.84
22.069913,88.081499,22,16,0,13,6,28.86
22.092139,88.078069,20,24,0,1,8,58.38
22.108032,88.054963,21,52,3,1,9,39.9
22.066632,88.094618,8,48,3,13,12,83.03
22.091159,88.022989,15,20,2,19,6,20.38
22.045647,88.067825,10,17,0,27,3,44.96
22.089679,88.052884,5,30,5,4,3,43.4
22.04384,88.049481,4,41,2,16,10,45.5
22.09942,88.082662,9,10,3,9,6,71.77
22.133019,88.102124,13,43,2,13,8,50.62
22.063037,88.059502,2,56,3,13,7,44.98
22.000924,88.09322,16,50,4,9,10,27.71
22.050258,88.071292,10,32,5,1,3,43.15
22.103656,88.043018,21,19,3,3,3,30.81
